ccle	cellosaurus
1321N1_CENTRAL_NERVOUS_SYSTEM	CVCL_0110
143B_BONE	CVCL_2270
201T_LUNG	CVCL_X481
22RV1_PROSTATE	CVCL_1045
2313287_STOMACH	CVCL_1046
253JBV_URINARY_TRACT	CVCL_7937
253J_URINARY_TRACT	CVCL_7935
42MGBA_CENTRAL_NERVOUS_SYSTEM	CVCL_1798
451LU_SKIN	CVCL_6357
5637_URINARY_TRACT	CVCL_0126
59M_OVARY	CVCL_2291
639V_URINARY_TRACT	CVCL_1048
647V_URINARY_TRACT	CVCL_1049
697_HAEMATOPOIETIC_AND_LYMPHOID_TISSUE	CVCL_0079
769P_KIDNEY	CVCL_1050
786O_KIDNEY	CVCL_1051
8305C_THYROID	CVCL_1053
8505C_THYROID	CVCL_1054
8MGBA_CENTRAL_NERVOUS_SYSTEM	CVCL_1052
A101D_SKIN	CVCL_1057
A1207_CENTRAL_NERVOUS_SYSTEM	CVCL_8481
A172_CENTRAL_NERVOUS_SYSTEM	CVCL_0131
A204_SOFT_TISSUE	CVCL_1058
A2058_SKIN	CVCL_1059
A253_SALIVARY_GLAND	CVCL_1060
A2780_OVARY	CVCL_0134
A375_SKIN	CVCL_0132
A388_SKIN	CVCL_1063
A3KAW_HAEMATOPOIETIC_AND_LYMPHOID_TISSUE	CVCL_1062
A427_LUNG	CVCL_1055
A431_SKIN	CVCL_0037
A498_KIDNEY	CVCL_1056
A4FUK_HAEMATOPOIETIC_AND_LYMPHOID_TISSUE	CVCL_1064
A549_LUNG	CVCL_0023
A673_BONE	CVCL_0080
A704_KIDNEY	CVCL_1065
ABC1_LUNG	CVCL_1066
ACCMESO1_PLEURA	CVCL_5113
ACCS_URINARY_TRACT	CVCL_6876
ACHN_KIDNEY	CVCL_1067
AGS_STOMACH	CVCL_0139
ALLPO_HAEMATOPOIETIC_AND_LYMPHOID_TISSUE	CVCL_1069
ALLSIL_HAEMATOPOIETIC_AND_LYMPHOID_TISSUE	CVCL_1805
AM38_CENTRAL_NERVOUS_SYSTEM	CVCL_1070
AML193_HAEMATOPOIETIC_AND_LYMPHOID_TISSUE	CVCL_1071
AMO1_HAEMATOPOIETIC_AND_LYMPHOID_TISSUE	CVCL_1806
AN3CA_ENDOMETRIUM	CVCL_0028
ARH77_HAEMATOPOIETIC_AND_LYMPHOID_TISSUE	CVCL_1072
ASH3_THYROID	CVCL_2856
ASPC1_PANCREAS	CVCL_0152
ATN1_HAEMATOPOIETIC_AND_LYMPHOID_TISSUE	CVCL_1073
AU565_BREAST	CVCL_1074
AZ521_SMALL_INTESTINE	CVCL_2862
BALL1_HAEMATOPOIETIC_AND_LYMPHOID_TISSUE	CVCL_1075
BB30HNC_UPPER_AERODIGESTIVE_TRACT	CVCL_1076
BB49HNC_UPPER_AERODIGESTIVE_TRACT	CVCL_1077
BB65RCC_KIDNEY	CVCL_1078
BC1_HAEMATOPOIETIC_AND_LYMPHOID_TISSUE	CVCL_1079
BC3C_URINARY_TRACT	CVCL_1958
BC3_HAEMATOPOIETIC_AND_LYMPHOID_TISSUE	CVCL_1080
BCP1_HAEMATOPOIETIC_AND_LYMPHOID_TISSUE	CVCL_0107
BCPAP_THYROID	CVCL_0153
BDCM_HAEMATOPOIETIC_AND_LYMPHOID_TISSUE	CVCL_4613
BE13_HAEMATOPOIETIC_AND_LYMPHOID_TISSUE	CVCL_1081
BE2M17_AUTONOMIC_GANGLIA	CVCL_0167
BECKER_CENTRAL_NERVOUS_SYSTEM	CVCL_1093
BEN_LUNG	CVCL_1082
BFTC905_URINARY_TRACT	CVCL_1083
BFTC909_KIDNEY	CVCL_1084
BGC823_STOMACH	CVCL_3360
BHT101_THYROID	CVCL_1085
BHY_UPPER_AERODIGESTIVE_TRACT	CVCL_1086
BICR10_UPPER_AERODIGESTIVE_TRACT	CVCL_2307
BICR16_UPPER_AERODIGESTIVE_TRACT	CVCL_2308
BICR18_UPPER_AERODIGESTIVE_TRACT	CVCL_2309
BICR22_UPPER_AERODIGESTIVE_TRACT	CVCL_2310
BICR31_UPPER_AERODIGESTIVE_TRACT	CVCL_2312
BICR56_UPPER_AERODIGESTIVE_TRACT	CVCL_2313
BICR6_UPPER_AERODIGESTIVE_TRACT	CVCL_2314
BICR78_UPPER_AERODIGESTIVE_TRACT	CVCL_2315
BJHTERT_SKIN	CVCL_6573
BL41_HAEMATOPOIETIC_AND_LYMPHOID_TISSUE	CVCL_1087
BL70_HAEMATOPOIETIC_AND_LYMPHOID_TISSUE	CVCL_1088
BONNA12_HAEMATOPOIETIC_AND_LYMPHOID_TISSUE	CVCL_1090
BPH1_PROSTATE	CVCL_1091
BT12_SOFT_TISSUE	CVCL_M155
BT16_SOFT_TISSUE	CVCL_M156
BT20_BREAST	CVCL_0178
BT474_BREAST	CVCL_0179
BT483_BREAST	CVCL_2319
BT549_BREAST	CVCL_1092
BV173_HAEMATOPOIETIC_AND_LYMPHOID_TISSUE	CVCL_0181
BXPC3_PANCREAS	CVCL_0186
C2BBE1_LARGE_INTESTINE	CVCL_1096
C32_SKIN	CVCL_1097
C33A_CERVIX	CVCL_1094
C3A_LIVER	CVCL_1098
C4I_CERVIX	CVCL_2253
C8166_HAEMATOPOIETIC_AND_LYMPHOID_TISSUE	CVCL_1099
CA46_HAEMATOPOIETIC_AND_LYMPHOID_TISSUE	CVCL_1101
CA922_UPPER_AERODIGESTIVE_TRACT	CVCL_1102
CACO2_LARGE_INTESTINE	CVCL_0025
CADOES1_BONE	CVCL_1103
CAKI1_KIDNEY	CVCL_0234
CAKI2_KIDNEY	CVCL_0235
CAL120_BREAST	CVCL_1104
CAL12T_LUNG	CVCL_1105
CAL148_BREAST	CVCL_1106
CAL27_UPPER_AERODIGESTIVE_TRACT	CVCL_1107
CAL29_URINARY_TRACT	CVCL_1808
CAL33_UPPER_AERODIGESTIVE_TRACT	CVCL_1108
CAL39_VULVA	CVCL_1109
CAL51_BREAST	CVCL_1110
CAL54_KIDNEY	CVCL_1111
CAL62_THYROID	CVCL_1112
CAL72_BONE	CVCL_1113
CAL78_BONE	CVCL_1809
CAL851_BREAST	CVCL_1114
CALU1_LUNG	CVCL_0608
CALU3_LUNG	CVCL_0609
CALU6_LUNG	CVCL_0236
CAMA1_BREAST	CVCL_1115
CAOV3_OVARY	CVCL_0201
CAOV4_OVARY	CVCL_0202
CAPAN1_PANCREAS	CVCL_0237
CAPAN2_PANCREAS	CVCL_0026
CAR1_LARGE_INTESTINE	CVCL_1116
CAS1_CENTRAL_NERVOUS_SYSTEM	CVCL_1117
CASKI_CERVIX	CVCL_1100
CCFSTTG1_CENTRAL_NERVOUS_SYSTEM	CVCL_1118
CCK81_LARGE_INTESTINE	CVCL_2873
CCRFCEM_HAEMATOPOIETIC_AND_LYMPHOID_TISSUE	CVCL_0207
CESS_HAEMATOPOIETIC_AND_LYMPHOID_TISSUE	CVCL_0209
CFPAC1_PANCREAS	CVCL_1119
CGTHW1_THYROID	CVCL_1120
CH157MN_CENTRAL_NERVOUS_SYSTEM	CVCL_5723
CHAGOK1_LUNG	CVCL_1121
CHL1_SKIN	CVCL_1122
CHP126_AUTONOMIC_GANGLIA	CVCL_1123
CHP134_AUTONOMIC_GANGLIA	CVCL_1124
CHP212_AUTONOMIC_GANGLIA	CVCL_1125
CHSA0011_BONE	CVCL_X483
CHSA0108_BONE	CVCL_X484
CHSA8926_BONE	CVCL_X485
CI1_HAEMATOPOIETIC_AND_LYMPHOID_TISSUE	CVCL_1861
CJM_SKIN	CVCL_U797
CL11_LARGE_INTESTINE	CVCL_1978
CL14_LARGE_INTESTINE	CVCL_1979
CL34_LARGE_INTESTINE	CVCL_1980
CL40_LARGE_INTESTINE	CVCL_1982
CMK115_HAEMATOPOIETIC_AND_LYMPHOID_TISSUE	CVCL_0217
CMK86_HAEMATOPOIETIC_AND_LYMPHOID_TISSUE	CVCL_2804
CMK_HAEMATOPOIETIC_AND_LYMPHOID_TISSUE	CVCL_0216
CMLT1_HAEMATOPOIETIC_AND_LYMPHOID_TISSUE	CVCL_1126
COLO201_LARGE_INTESTINE	CVCL_1987
COLO205_LARGE_INTESTINE	CVCL_0218
COLO320_LARGE_INTESTINE	CVCL_1989
COLO668_LUNG	CVCL_1128
COLO678_LARGE_INTESTINE	CVCL_1129
COLO679_SKIN	CVCL_1130
COLO680N_OESOPHAGUS	CVCL_1131
COLO684_ENDOMETRIUM	CVCL_1132
COLO699_LUNG	CVCL_1992
COLO704_OVARY	CVCL_1994
COLO741_SKIN	CVCL_1133
COLO775_HAEMATOPOIETIC_AND_LYMPHOID_TISSUE	CVCL_1996
COLO783_SKIN	CVCL_1997
COLO792_SKIN	CVCL_1134
COLO800_SKIN	CVCL_1135
COLO818_SKIN	CVCL_1998
COLO824_BREAST	CVCL_1136
COLO829_SKIN	CVCL_1137
COLO849_SKIN	CVCL_2002
CORL105_LUNG	CVCL_1138
CORL23_LUNG	CVCL_1139
CORL24_LUNG	CVCL_2409
CORL279_LUNG	CVCL_1140
CORL303_LUNG	CVCL_2411
CORL311_LUNG	CVCL_2412
CORL321_PLEURA	CVCL_2414
CORL32_LUNG	CVCL_2413
CORL47_LUNG	CVCL_2415
CORL51_LUNG	CVCL_2416
CORL88_LUNG	CVCL_1141
CORL95_LUNG	CVCL_2418
COV318_OVARY	CVCL_2419
COV362_OVARY	CVCL_2420
COV434_OVARY	CVCL_2010
COV504_OVARY	CVCL_2424
COV644_OVARY	CVCL_2425
CP50MELB_SKIN	CVCL_1143
CP66MEL_SKIN	CVCL_1144
CP67MEL_SKIN	CVCL_1145
CPCN_LUNG	CVCL_1146
CROAP2_HAEMATOPOIETIC_AND_LYMPHOID_TISSUE	CVCL_1147
CS1_BONE	CVCL_T023
CTB1_HAEMATOPOIETIC_AND_LYMPHOID_TISSUE	CVCL_1149
CTV1_HAEMATOPOIETIC_AND_LYMPHOID_TISSUE	CVCL_1150
CW2_LARGE_INTESTINE	CVCL_1151
CW9019_SOFT_TISSUE	CVCL_N820
D245MG_CENTRAL_NERVOUS_SYSTEM	CVCL_1152
D247MG_CENTRAL_NERVOUS_SYSTEM	CVCL_1153
D263MG_CENTRAL_NERVOUS_SYSTEM	CVCL_1154
D283MED_CENTRAL_NERVOUS_SYSTEM	CVCL_1155
D336MG_CENTRAL_NERVOUS_SYSTEM	CVCL_1156
D341MED_CENTRAL_NERVOUS_SYSTEM	CVCL_0018
D384_CENTRAL_NERVOUS_SYSTEM	CVCL_1157
D392MG_CENTRAL_NERVOUS_SYSTEM	CVCL_1158
D423MG_CENTRAL_NERVOUS_SYSTEM	CVCL_1160
D425_CENTRAL_NERVOUS_SYSTEM	CVCL_1275
D458_CENTRAL_NERVOUS_SYSTEM	CVCL_1161
D502MG_CENTRAL_NERVOUS_SYSTEM	CVCL_1162
D542MG_CENTRAL_NERVOUS_SYSTEM	CVCL_1164
D556_CENTRAL_NERVOUS_SYSTEM	CVCL_1165
D566MG_CENTRAL_NERVOUS_SYSTEM	CVCL_1166
DANG_PANCREAS	CVCL_0243
DAOY_CENTRAL_NERVOUS_SYSTEM	CVCL_1167
DAUDI_HAEMATOPOIETIC_AND_LYMPHOID_TISSUE	CVCL_0008
DBTRG05MG_CENTRAL_NERVOUS_SYSTEM	CVCL_1169
DB_HAEMATOPOIETIC_AND_LYMPHOID_TISSUE	CVCL_1168
DEL_HAEMATOPOIETIC_AND_LYMPHOID_TISSUE	CVCL_1170
DETROIT562_UPPER_AERODIGESTIVE_TRACT	CVCL_1171
DG75_HAEMATOPOIETIC_AND_LYMPHOID_TISSUE	CVCL_0244
DIFI_LARGE_INTESTINE	CVCL_6895
DJM1_SKIN	CVCL_1172
DKMG_CENTRAL_NERVOUS_SYSTEM	CVCL_1173
DLD1_LARGE_INTESTINE	CVCL_0248
DM3_FIBROBLAST	CVCL_2019
DMS114_LUNG	CVCL_1174
DMS153_LUNG	CVCL_1175
DMS273_LUNG	CVCL_1176
DMS454_LUNG	CVCL_2438
DMS53_LUNG	CVCL_1177
DMS79_LUNG	CVCL_1178
DND41_HAEMATOPOIETIC_AND_LYMPHOID_TISSUE	CVCL_2022
DOHH2_HAEMATOPOIETIC_AND_LYMPHOID_TISSUE	CVCL_1179
DOK_UPPER_AERODIGESTIVE_TRACT	CVCL_1180
DOTC24510_CERVIX	CVCL_1181
DOV13_OVARY	CVCL_6774
DSH1_URINARY_TRACT	CVCL_1182
DU145_PROSTATE	CVCL_0105
DU4475_BREAST	CVCL_1183
DV90_LUNG	CVCL_1184
EB1_HAEMATOPOIETIC_AND_LYMPHOID_TISSUE	CVCL_2027
EB2_HAEMATOPOIETIC_AND_LYMPHOID_TISSUE	CVCL_1186
EB3_HAEMATOPOIETIC_AND_LYMPHOID_TISSUE	CVCL_1185
EBC1_LUNG	CVCL_2891
ECC10_STOMACH	CVCL_1188
ECC12_STOMACH	CVCL_1189
ECGI10_OESOPHAGUS	CVCL_1187
EFE184_ENDOMETRIUM	CVCL_1191
EFM192A_BREAST	CVCL_1812
EFM19_BREAST	CVCL_0253
EFO21_OVARY	CVCL_0029
EFO27_OVARY	CVCL_1192
EGI1_BILIARY_TRACT	CVCL_1193
EHEB_HAEMATOPOIETIC_AND_LYMPHOID_TISSUE	CVCL_1194
EJM_HAEMATOPOIETIC_AND_LYMPHOID_TISSUE	CVCL_2030
EKVX_LUNG	CVCL_1195
EM2_HAEMATOPOIETIC_AND_LYMPHOID_TISSUE	CVCL_1196
EMCBAC1_LUNG	CVCL_X486
EMCBAC2_LUNG	CVCL_X487
EN_ENDOMETRIUM	CVCL_2034
EOL1_HAEMATOPOIETIC_AND_LYMPHOID_TISSUE	CVCL_0258
EPLC272H_LUNG	CVCL_1197
ES1_BONE	CVCL_1198
ES2_OVARY	CVCL_3509
ES3_BONE	CVCL_1199
ES4_BONE	CVCL_1200
ES5_BONE	CVCL_1201
ES6_BONE	CVCL_1202
ES7_BONE	CVCL_1203
ES8_BONE	CVCL_1204
ESO26_OESOPHAGUS	CVCL_2035
ESO51_OESOPHAGUS	CVCL_2036
ESS1_ENDOMETRIUM	CVCL_1205
ETK1_BILIARY_TRACT	CVCL_1206
EVSAT_BREAST	CVCL_1207
EW11_BONE	CVCL_1209
EW12_BONE	CVCL_1210
EW13_BONE	CVCL_1211
EW16_BONE	CVCL_1212
EW18_BONE	CVCL_1213
EW1_BONE	CVCL_1208
EW22_BONE	CVCL_1214
EW24_BONE	CVCL_1215
EW3_BONE	CVCL_1216
EW7_BONE	CVCL_1217
EW8_BONE	CVCL_V618
EWS502_BONE	CVCL_S740
F36P_HAEMATOPOIETIC_AND_LYMPHOID_TISSUE	CVCL_2037
F5_CENTRAL_NERVOUS_SYSTEM	CVCL_V616
FADU_UPPER_AERODIGESTIVE_TRACT	CVCL_1218
FARAGE_HAEMATOPOIETIC_AND_LYMPHOID_TISSUE	CVCL_3302
FLO1_OESOPHAGUS	CVCL_2045
FTC133_THYROID	CVCL_1219
FTC238_THYROID	CVCL_2447
FU97_STOMACH	CVCL_2908
FUOV1_OVARY	CVCL_2047
G292CLONEA141B1_BONE	CVCL_2909
G361_SKIN	CVCL_1220
G401_SOFT_TISSUE	CVCL_0270
G402_SOFT_TISSUE	CVCL_1221
GA10_HAEMATOPOIETIC_AND_LYMPHOID_TISSUE	CVCL_1222
GAK_SKIN	CVCL_1225
GAMG_CENTRAL_NERVOUS_SYSTEM	CVCL_1226
GB1_CENTRAL_NERVOUS_SYSTEM	CVCL_1227
GCIY_STOMACH	CVCL_1228
GCT_SOFT_TISSUE	CVCL_1229
GDM1_HAEMATOPOIETIC_AND_LYMPHOID_TISSUE	CVCL_1230
GEO_LARGE_INTESTINE	CVCL_0271
GI1_CENTRAL_NERVOUS_SYSTEM	CVCL_1231
GIMEN_AUTONOMIC_GANGLIA	CVCL_1232
GLC82_LUNG	CVCL_3371
GMEL_SKIN	CVCL_W798
GMS10_CENTRAL_NERVOUS_SYSTEM	CVCL_1233
GOS3_CENTRAL_NERVOUS_SYSTEM	CVCL_2050
GOTO_AUTONOMIC_GANGLIA	CVCL_1234
GP2D_LARGE_INTESTINE	CVCL_2450
GP5D_LARGE_INTESTINE	CVCL_1235
GRANTA519_HAEMATOPOIETIC_AND_LYMPHOID_TISSUE	CVCL_1818
GRM_SKIN	CVCL_2451
GRST_HAEMATOPOIETIC_AND_LYMPHOID_TISSUE	CVCL_1236
GSS_STOMACH	CVCL_8876
GSU_STOMACH	CVCL_8877
GT3TKB_STOMACH	CVCL_1237
H2369_PLEURA	CVCL_A532
H290_PLEURA	CVCL_A555
H3118_UPPER_AERODIGESTIVE_TRACT	CVCL_A464
H4_CENTRAL_NERVOUS_SYSTEM	CVCL_1239
H9_HAEMATOPOIETIC_AND_LYMPHOID_TISSUE	CVCL_1240
HA7RCC_KIDNEY	CVCL_1241
HAL01_HAEMATOPOIETIC_AND_LYMPHOID_TISSUE	CVCL_1242
HARA_LUNG	CVCL_2914
HC1_HAEMATOPOIETIC_AND_LYMPHOID_TISSUE	CVCL_1243
HCC1143_BREAST	CVCL_1245
HCC1171_LUNG	CVCL_5126
HCC1187_BREAST	CVCL_1247
HCC1195_LUNG	CVCL_5127
HCC1359_LUNG	CVCL_5128
HCC1395_BREAST	CVCL_1249
HCC1419_BREAST	CVCL_1251
HCC1428_BREAST	CVCL_1252
HCC1438_LUNG	CVCL_L088
HCC1500_BREAST	CVCL_1254
HCC1569_BREAST	CVCL_1255
HCC1588_LUNG	CVCL_A351
HCC1599_BREAST	CVCL_1256
HCC15_LUNG	CVCL_2057
HCC1806_BREAST	CVCL_1258
HCC1833_LUNG	CVCL_5129
HCC1897_LUNG	CVCL_V578
HCC1937_BREAST	CVCL_0290
HCC1954_BREAST	CVCL_1259
HCC202_BREAST	CVCL_2062
HCC2108_LUNG	CVCL_A352
HCC2157_BREAST	CVCL_1261
HCC2218_BREAST	CVCL_1263
HCC2279_LUNG	CVCL_5131
HCC2429_LUNG	CVCL_5132
HCC2450_LUNG	CVCL_5133
HCC2814_LUNG	CVCL_V586
HCC2935_LUNG	CVCL_1265
HCC2998_LARGE_INTESTINE	CVCL_1266
HCC33_LUNG	CVCL_2058
HCC364_LUNG	CVCL_5134
HCC366_LUNG	CVCL_2059
HCC38_BREAST	CVCL_1267
HCC4006_LUNG	CVCL_1269
HCC44_LUNG	CVCL_2060
HCC461_LUNG	CVCL_5135
HCC515_LUNG	CVCL_5136
HCC56_LARGE_INTESTINE	CVCL_2917
HCC70_BREAST	CVCL_1270
HCC78_LUNG	CVCL_2061
HCC827GR5_LUNG	CVCL_V622
HCC827_LUNG	CVCL_2063
HCC95_LUNG	CVCL_5137
HCE4_OESOPHAGUS	CVCL_1271
HCT116_LARGE_INTESTINE	CVCL_0291
HCT15_LARGE_INTESTINE	CVCL_0292
HCT8_LARGE_INTESTINE	CVCL_2478
HDLM2_HAEMATOPOIETIC_AND_LYMPHOID_TISSUE	CVCL_0009
HDMYZ_HAEMATOPOIETIC_AND_LYMPHOID_TISSUE	CVCL_1273
HDQP1_BREAST	CVCL_2067
HEC108_ENDOMETRIUM	CVCL_2923
HEC151_ENDOMETRIUM	CVCL_2925
HEC1A_ENDOMETRIUM	CVCL_0293
HEC1B_ENDOMETRIUM	CVCL_0294
HEC1_ENDOMETRIUM	CVCL_1274
HEC251_ENDOMETRIUM	CVCL_2927
HEC265_ENDOMETRIUM	CVCL_2928
HEC50B_ENDOMETRIUM	CVCL_2929
HEC59_ENDOMETRIUM	CVCL_2930
HEC6_ENDOMETRIUM	CVCL_2931
HEKTE_KIDNEY	CVCL_WS59
HEL9217_HAEMATOPOIETIC_AND_LYMPHOID_TISSUE	CVCL_2481
HELA_CERVIX	CVCL_0030
HEL_HAEMATOPOIETIC_AND_LYMPHOID_TISSUE	CVCL_0001
HEMCSS_BONE	CVCL_1238
HEP3B217_LIVER	CVCL_0326
HEPG2_LIVER	CVCL_0027
HEYA8_OVARY	CVCL_8878
HEY_OVARY	CVCL_0297
HGC27_STOMACH	CVCL_1279
HH_HAEMATOPOIETIC_AND_LYMPHOID_TISSUE	CVCL_1280
HK2_KIDNEY	CVCL_0302
HL60_HAEMATOPOIETIC_AND_LYMPHOID_TISSUE	CVCL_0002
HLC1_LUNG	CVCL_5529
HLE_LIVER	CVCL_1281
HLFA_FIBROBLAST	CVCL_2255
HLF_LIVER	CVCL_2947
HMC18_BREAST	CVCL_2949
HMCB_SKIN	CVCL_3317
HMEL_BREAST	CVCL_IZ34
HMVII_SKIN	CVCL_1282
HNT34_HAEMATOPOIETIC_AND_LYMPHOID_TISSUE	CVCL_2071
HN_UPPER_AERODIGESTIVE_TRACT	CVCL_1283
HO1N1_UPPER_AERODIGESTIVE_TRACT	CVCL_1284
HO1U1_UPPER_AERODIGESTIVE_TRACT	CVCL_2784
HOP62_LUNG	CVCL_1285
HOP92_LUNG	CVCL_1286
HOS_BONE	CVCL_0312
HPAC_PANCREAS	CVCL_3517
HPAFII_PANCREAS	CVCL_0313
HPBALL_HAEMATOPOIETIC_AND_LYMPHOID_TISSUE	CVCL_1820
HRT18_LARGE_INTESTINE	CVCL_2514
HS172T_FIBROBLAST	CVCL_0660
HS229T_FIBROBLAST	CVCL_0698
HS255T_FIBROBLAST	CVCL_0707
HS274T_FIBROBLAST	CVCL_0711
HS281T_FIBROBLAST	CVCL_0715
HS294T_SKIN	CVCL_0331
HS343T_FIBROBLAST	CVCL_0726
HS445_HAEMATOPOIETIC_AND_LYMPHOID_TISSUE	CVCL_0761
HS571T_OVARY	CVCL_0802
HS578T_BREAST	CVCL_0332
HS600T_FIBROBLAST	CVCL_0814
HS604T_FIBROBLAST	CVCL_0816
HS606T_FIBROBLAST	CVCL_0819
HS611T_HAEMATOPOIETIC_AND_LYMPHOID_TISSUE	CVCL_0823
HS616T_FIBROBLAST	CVCL_0825
HS618T_FIBROBLAST	CVCL_0827
HS633T_SOFT_TISSUE	CVCL_0832
HS675T_FIBROBLAST	CVCL_0836
HS683_CENTRAL_NERVOUS_SYSTEM	CVCL_0844
HS688AT_FIBROBLAST	CVCL_0846
HS695T_SKIN	CVCL_0851
HS698T_FIBROBLAST	CVCL_0855
HS706T_BONE	CVCL_0863
HS729_SOFT_TISSUE	CVCL_0871
HS737T_FIBROBLAST	CVCL_0878
HS739T_FIBROBLAST	CVCL_0882
HS742T_FIBROBLAST	CVCL_0888
HS746T_STOMACH	CVCL_0333
HS751T_FIBROBLAST	CVCL_0891
HS766T_PANCREAS	CVCL_0334
HS819T_FIBROBLAST	CVCL_0928
HS821T_FIBROBLAST	CVCL_0932
HS822T_FIBROBLAST	CVCL_0933
HS834T_FIBROBLAST	CVCL_0938
HS839T_FIBROBLAST	CVCL_0941
HS840T_FIBROBLAST	CVCL_0942
HS852T_SKIN	CVCL_0950
HS863T_FIBROBLAST	CVCL_0959
HS870T_FIBROBLAST	CVCL_0966
HS888T_FIBROBLAST	CVCL_0979
HS895T_FIBROBLAST	CVCL_0993
HS934T_FIBROBLAST	CVCL_1031
HS936T_SKIN	CVCL_1033
HS939T_SKIN	CVCL_1036
HS940T_FIBROBLAST	CVCL_1038
HS944T_SKIN	CVCL_1040
HSC2_UPPER_AERODIGESTIVE_TRACT	CVCL_1287
HSC39_STOMACH	CVCL_A385
HSC3_UPPER_AERODIGESTIVE_TRACT	CVCL_1288
HSC4_UPPER_AERODIGESTIVE_TRACT	CVCL_1289
HT1080_SOFT_TISSUE	CVCL_0317
HT115_LARGE_INTESTINE	CVCL_2520
HT1197_URINARY_TRACT	CVCL_1291
HT1376_URINARY_TRACT	CVCL_1292
HT144_SKIN	CVCL_0318
HT29_LARGE_INTESTINE	CVCL_0320
HT3_CERVIX	CVCL_1293
HT55_LARGE_INTESTINE	CVCL_1294
HTCC3_THYROID	CVCL_1295
HTK_HAEMATOPOIETIC_AND_LYMPHOID_TISSUE	CVCL_2522
HT_HAEMATOPOIETIC_AND_LYMPHOID_TISSUE	CVCL_1290
HUCCT1_BILIARY_TRACT	CVCL_0324
HUG1N_STOMACH	CVCL_4846
HUH1_LIVER	CVCL_2956
HUH28_BILIARY_TRACT	CVCL_2955
HUH6_LIVER	CVCL_4381
HUH7_LIVER	CVCL_0336
HUNS1_HAEMATOPOIETIC_AND_LYMPHOID_TISSUE	CVCL_2526
HUO3N1_BONE	CVCL_1297
HUO9_BONE	CVCL_1298
HUPT3_PANCREAS	CVCL_1299
HUPT4_PANCREAS	CVCL_1300
HUT102_HAEMATOPOIETIC_AND_LYMPHOID_TISSUE	CVCL_3526
HUT78_HAEMATOPOIETIC_AND_LYMPHOID_TISSUE	CVCL_0337
HUTU80_SMALL_INTESTINE	CVCL_1301
IALM_LUNG	CVCL_1302
IGR1_SKIN	CVCL_1303
IGR37_SKIN	CVCL_2075
IGR39_SKIN	CVCL_2076
IGROV1_OVARY	CVCL_1304
IHH4_THYROID	CVCL_2960
IM95_STOMACH	CVCL_2961
IM9_HAEMATOPOIETIC_AND_LYMPHOID_TISSUE	CVCL_1305
IMR32_AUTONOMIC_GANGLIA	CVCL_0346
IMR5_AUTONOMIC_GANGLIA	CVCL_1306
INA6_HAEMATOPOIETIC_AND_LYMPHOID_TISSUE	CVCL_5209
IOMMLEE_CENTRAL_NERVOUS_SYSTEM	CVCL_5779
IPC298_SKIN	CVCL_1307
ISHIKAWAHERAKLIO02ER_ENDOMETRIUM	CVCL_6543
ISTMEL1_SKIN	CVCL_1308
ISTMES1_PLEURA	CVCL_1311
ISTMES2_PLEURA	CVCL_1312
ISTSL1_LUNG	CVCL_1313
ISTSL2_LUNG	CVCL_1314
J82_URINARY_TRACT	CVCL_0359
JAR_PLACENTA	CVCL_0360
JEG3_PLACENTA	CVCL_0363
JEKO1_HAEMATOPOIETIC_AND_LYMPHOID_TISSUE	CVCL_1865
JHESOAD1_OESOPHAGUS	CVCL_8098
JHH1_LIVER	CVCL_2785
JHH2_LIVER	CVCL_2786
JHH4_LIVER	CVCL_2787
JHH5_LIVER	CVCL_0364
JHH6_LIVER	CVCL_2788
JHH7_LIVER	CVCL_2805
JHOC5_OVARY	CVCL_4640
JHOM1_OVARY	CVCL_4644
JHOM2B_OVARY	CVCL_4645
JHOS2_OVARY	CVCL_4647
JHOS3_OVARY	CVCL_4648
JHOS4_OVARY	CVCL_4649
JHU011_UPPER_AERODIGESTIVE_TRACT	CVCL_5986
JHU022_UPPER_AERODIGESTIVE_TRACT	CVCL_5991
JHU029_UPPER_AERODIGESTIVE_TRACT	CVCL_5993
JHUEM1_ENDOMETRIUM	CVCL_4655
JHUEM2_ENDOMETRIUM	CVCL_4656
JHUEM3_ENDOMETRIUM	CVCL_4657
JHUEM7_ENDOMETRIUM	CVCL_4658
JIMT1_BREAST	CVCL_2077
JIYOYEP2003_HAEMATOPOIETIC_AND_LYMPHOID_TISSUE	CVCL_1317
JJN3_HAEMATOPOIETIC_AND_LYMPHOID_TISSUE	CVCL_2078
JK1_HAEMATOPOIETIC_AND_LYMPHOID_TISSUE	CVCL_2079
JL1_PLEURA	CVCL_2080
JM1_HAEMATOPOIETIC_AND_LYMPHOID_TISSUE	CVCL_3532
JMSU1_URINARY_TRACT	CVCL_2081
JR_SOFT_TISSUE	CVCL_RT33
JSC1_HAEMATOPOIETIC_AND_LYMPHOID_TISSUE	CVCL_3728
JURKAT_HAEMATOPOIETIC_AND_LYMPHOID_TISSUE	CVCL_0065
JURLMK1_HAEMATOPOIETIC_AND_LYMPHOID_TISSUE	CVCL_2086
JVM2_HAEMATOPOIETIC_AND_LYMPHOID_TISSUE	CVCL_1319
JVM3_HAEMATOPOIETIC_AND_LYMPHOID_TISSUE	CVCL_1320
K029AX_SKIN	CVCL_8784
K2_SKIN	CVCL_AT85
K562_HAEMATOPOIETIC_AND_LYMPHOID_TISSUE	CVCL_0004
K5_THYROID	CVCL_1322
KALS1_CENTRAL_NERVOUS_SYSTEM	CVCL_1323
KARPAS1106P_HAEMATOPOIETIC_AND_LYMPHOID_TISSUE	CVCL_1821
KARPAS231_HAEMATOPOIETIC_AND_LYMPHOID_TISSUE	CVCL_1822
KARPAS299_HAEMATOPOIETIC_AND_LYMPHOID_TISSUE	CVCL_1324
KARPAS422_HAEMATOPOIETIC_AND_LYMPHOID_TISSUE	CVCL_1325
KARPAS45_HAEMATOPOIETIC_AND_LYMPHOID_TISSUE	CVCL_1326
KARPAS620_HAEMATOPOIETIC_AND_LYMPHOID_TISSUE	CVCL_1823
KASUMI1_HAEMATOPOIETIC_AND_LYMPHOID_TISSUE	CVCL_0589
KASUMI2_HAEMATOPOIETIC_AND_LYMPHOID_TISSUE	CVCL_0590
KASUMI6_HAEMATOPOIETIC_AND_LYMPHOID_TISSUE	CVCL_0614
KATOIII_STOMACH	CVCL_0371
KCIMOH1_PANCREAS	CVCL_2090
KCL22_HAEMATOPOIETIC_AND_LYMPHOID_TISSUE	CVCL_2091
KD_SOFT_TISSUE	CVCL_U757
KE37_HAEMATOPOIETIC_AND_LYMPHOID_TISSUE	CVCL_1327
KE39_STOMACH	CVCL_3385
KE97_HAEMATOPOIETIC_AND_LYMPHOID_TISSUE	CVCL_3386
KELLY_AUTONOMIC_GANGLIA	CVCL_2092
KG1C_CENTRAL_NERVOUS_SYSTEM	CVCL_2971
KG1_HAEMATOPOIETIC_AND_LYMPHOID_TISSUE	CVCL_0374
KGN_OVARY	CVCL_0375
KHM1B_HAEMATOPOIETIC_AND_LYMPHOID_TISSUE	CVCL_2972
KIJK_HAEMATOPOIETIC_AND_LYMPHOID_TISSUE	CVCL_2093
KINGS1_CENTRAL_NERVOUS_SYSTEM	CVCL_1328
KLE_ENDOMETRIUM	CVCL_1329
KLM1_PANCREAS	CVCL_5146
KM12_LARGE_INTESTINE	CVCL_1331
KMBC2_URINARY_TRACT	CVCL_2977
KMH2_HAEMATOPOIETIC_AND_LYMPHOID_TISSUE	CVCL_1330
KMH2_THYROID	CVCL_S641
KMM1_HAEMATOPOIETIC_AND_LYMPHOID_TISSUE	CVCL_2981
KMOE2_HAEMATOPOIETIC_AND_LYMPHOID_TISSUE	CVCL_1332
KMRC1_KIDNEY	CVCL_2983
KMRC20_KIDNEY	CVCL_2986
KMRC2_KIDNEY	CVCL_2984
KMRC3_KIDNEY	CVCL_2985
KMS11_HAEMATOPOIETIC_AND_LYMPHOID_TISSUE	CVCL_2989
KMS12BM_HAEMATOPOIETIC_AND_LYMPHOID_TISSUE	CVCL_1334
KMS18_HAEMATOPOIETIC_AND_LYMPHOID_TISSUE	CVCL_A637
KMS20_HAEMATOPOIETIC_AND_LYMPHOID_TISSUE	CVCL_2990
KMS21BM_HAEMATOPOIETIC_AND_LYMPHOID_TISSUE	CVCL_2991
KMS26_HAEMATOPOIETIC_AND_LYMPHOID_TISSUE	CVCL_2992
KMS27_HAEMATOPOIETIC_AND_LYMPHOID_TISSUE	CVCL_2993
KMS28BM_HAEMATOPOIETIC_AND_LYMPHOID_TISSUE	CVCL_2994
KMS34_HAEMATOPOIETIC_AND_LYMPHOID_TISSUE	CVCL_2996
KNS42_CENTRAL_NERVOUS_SYSTEM	CVCL_0378
KNS60_CENTRAL_NERVOUS_SYSTEM	CVCL_2798
KNS62_LUNG	CVCL_1335
KNS81FD_CENTRAL_NERVOUS_SYSTEM	CVCL_1336
KNS81_CENTRAL_NERVOUS_SYSTEM	CVCL_2799
KO52_HAEMATOPOIETIC_AND_LYMPHOID_TISSUE	CVCL_1321
KON_UPPER_AERODIGESTIVE_TRACT	CVCL_3001
KOPN8_HAEMATOPOIETIC_AND_LYMPHOID_TISSUE	CVCL_1866
KOSC2_UPPER_AERODIGESTIVE_TRACT	CVCL_1337
KP1NL_PANCREAS	CVCL_3003
KP1N_PANCREAS	CVCL_3002
KP2_PANCREAS	CVCL_3004
KP3_PANCREAS	CVCL_3005
KP4_PANCREAS	CVCL_1338
KPL1_BREAST	CVCL_2094
KPMRTRY_SOFT_TISSUE	CVCL_7051
KPNRTBM1_AUTONOMIC_GANGLIA	CVCL_1339
KPNSI9S_AUTONOMIC_GANGLIA	CVCL_1340
KPNYN_AUTONOMIC_GANGLIA	CVCL_1341
KPNYS_AUTONOMIC_GANGLIA	CVCL_1342
KS1_CENTRAL_NERVOUS_SYSTEM	CVCL_1343
KU1919_URINARY_TRACT	CVCL_1344
KU812_HAEMATOPOIETIC_AND_LYMPHOID_TISSUE	CVCL_0379
KURAMOCHI_OVARY	CVCL_1345
KY821_HAEMATOPOIETIC_AND_LYMPHOID_TISSUE	CVCL_1346
KYAE1_OESOPHAGUS	CVCL_1825
KYM1_SOFT_TISSUE	CVCL_3007
KYO1_HAEMATOPOIETIC_AND_LYMPHOID_TISSUE	CVCL_2095
KYSE140_OESOPHAGUS	CVCL_1347
KYSE150_OESOPHAGUS	CVCL_1348
KYSE180_OESOPHAGUS	CVCL_1349
KYSE220_OESOPHAGUS	CVCL_1359
KYSE270_OESOPHAGUS	CVCL_1350
KYSE30_OESOPHAGUS	CVCL_1351
KYSE410_OESOPHAGUS	CVCL_1352
KYSE450_OESOPHAGUS	CVCL_1353
KYSE50_OESOPHAGUS	CVCL_1360
KYSE510_OESOPHAGUS	CVCL_1354
KYSE520_OESOPHAGUS	CVCL_1355
KYSE70_OESOPHAGUS	CVCL_1356
L1236_HAEMATOPOIETIC_AND_LYMPHOID_TISSUE	CVCL_2096
L33_PANCREAS	CVCL_8147
L363_HAEMATOPOIETIC_AND_LYMPHOID_TISSUE	CVCL_1357
L428_HAEMATOPOIETIC_AND_LYMPHOID_TISSUE	CVCL_1361
L540_HAEMATOPOIETIC_AND_LYMPHOID_TISSUE	CVCL_1362
LAMA84_HAEMATOPOIETIC_AND_LYMPHOID_TISSUE	CVCL_0388
LAN6_AUTONOMIC_GANGLIA	CVCL_1363
LB1047RCC_KIDNEY	CVCL_1364
LB2241RCC_KIDNEY	CVCL_1365
LB2518MEL_SKIN	CVCL_1366
LB373MELD_SKIN	CVCL_1367
LB647SCLC_LUNG	CVCL_1368
LB771HNC_UPPER_AERODIGESTIVE_TRACT	CVCL_1369
LB831BLC_URINARY_TRACT	CVCL_1370
LB996RCC_KIDNEY	CVCL_1371
LC1F_LUNG	CVCL_1372
LC1SQSF_LUNG	CVCL_5480
LC1SQ_LUNG	CVCL_3008
LC2AD_LUNG	CVCL_1373
LC41_HAEMATOPOIETIC_AND_LYMPHOID_TISSUE	CVCL_1374
LCLC103H_LUNG	CVCL_1375
LCLC97TM1_LUNG	CVCL_1376
LI7_LIVER	CVCL_3840
LK2_LUNG	CVCL_1377
LMSU_STOMACH	CVCL_4849
LN18_CENTRAL_NERVOUS_SYSTEM	CVCL_0392
LN215_CENTRAL_NERVOUS_SYSTEM	CVCL_3954
LN229_CENTRAL_NERVOUS_SYSTEM	CVCL_0393
LN235_CENTRAL_NERVOUS_SYSTEM	CVCL_3957
LN319_CENTRAL_NERVOUS_SYSTEM	CVCL_3958
LN340_CENTRAL_NERVOUS_SYSTEM	CVCL_3955
LN382_CENTRAL_NERVOUS_SYSTEM	CVCL_3956
LN405_CENTRAL_NERVOUS_SYSTEM	CVCL_1378
LN428_CENTRAL_NERVOUS_SYSTEM	CVCL_3959
LN443_CENTRAL_NERVOUS_SYSTEM	CVCL_3960
LN464_CENTRAL_NERVOUS_SYSTEM	CVCL_3962
LNCAPCLONEFGC_PROSTATE	CVCL_1379
LNZ308_CENTRAL_NERVOUS_SYSTEM	CVCL_0394
LNZTA3WT4_CENTRAL_NERVOUS_SYSTEM	CVCL_3540
LOUCY_HAEMATOPOIETIC_AND_LYMPHOID_TISSUE	CVCL_1380
LOUNH91_LUNG	CVCL_2104
LOVO_LARGE_INTESTINE	CVCL_0399
LOXIMVI_SKIN	CVCL_1381
LP1_HAEMATOPOIETIC_AND_LYMPHOID_TISSUE	CVCL_0012
LS1034_LARGE_INTESTINE	CVCL_1382
LS123_LARGE_INTESTINE	CVCL_1383
LS180_LARGE_INTESTINE	CVCL_0397
LS411N_LARGE_INTESTINE	CVCL_1385
LS513_LARGE_INTESTINE	CVCL_1386
LU134A_LUNG	CVCL_1387
LU135_LUNG	CVCL_1389
LU139_LUNG	CVCL_1390
LU165_LUNG	CVCL_1391
LU65_LUNG	CVCL_1392
LU99_LUNG	CVCL_3015
LUDLU1_LUNG	CVCL_2582
LXF289_LUNG	CVCL_1394
M059J_CENTRAL_NERVOUS_SYSTEM	CVCL_0400
M059K_CENTRAL_NERVOUS_SYSTEM	CVCL_0401
M07E_HAEMATOPOIETIC_AND_LYMPHOID_TISSUE	CVCL_2106
M14_SKIN	CVCL_1395
MALME3M_SKIN	CVCL_1438
MC1010_HAEMATOPOIETIC_AND_LYMPHOID_TISSUE	CVCL_1396
MC116_HAEMATOPOIETIC_AND_LYMPHOID_TISSUE	CVCL_1399
MCAS_OVARY	CVCL_3020
MCC13_SKIN	CVCL_2583
MCC26_SKIN	CVCL_2585
MCCAR_HAEMATOPOIETIC_AND_LYMPHOID_TISSUE	CVCL_1397
MCF7_BREAST	CVCL_0031
MCIXC_AUTONOMIC_GANGLIA	CVCL_1398
MDAMB134VI_BREAST	CVCL_0617
MDAMB157_BREAST	CVCL_0618
MDAMB175VII_BREAST	CVCL_1400
MDAMB231_BREAST	CVCL_0062
MDAMB330_BREAST	CVCL_0619
MDAMB361_BREAST	CVCL_0620
MDAMB415_BREAST	CVCL_0621
MDAMB435S_SKIN	CVCL_0622
MDAMB436_BREAST	CVCL_0623
MDAMB453_BREAST	CVCL_0418
MDAMB468_BREAST	CVCL_0419
MDAPCA2B_PROSTATE	CVCL_4748
MDST8_LARGE_INTESTINE	CVCL_2588
ME180_CERVIX	CVCL_1401
ME1_HAEMATOPOIETIC_AND_LYMPHOID_TISSUE	CVCL_2110
MEC1_HAEMATOPOIETIC_AND_LYMPHOID_TISSUE	CVCL_1870
MEC2_HAEMATOPOIETIC_AND_LYMPHOID_TISSUE	CVCL_1871
MEG01_HAEMATOPOIETIC_AND_LYMPHOID_TISSUE	CVCL_0425
MEL202_EYE	CVCL_C301
MEL285_EYE	CVCL_C303
MELHO_SKIN	CVCL_1402
MELJUSO_SKIN	CVCL_1403
MESSA_SOFT_TISSUE	CVCL_1404
MEWO_SKIN	CVCL_0445
MFE280_ENDOMETRIUM	CVCL_1405
MFE296_ENDOMETRIUM	CVCL_1406
MFE319_ENDOMETRIUM	CVCL_2112
MFHINO_SOFT_TISSUE	CVCL_1407
MFM223_BREAST	CVCL_1408
MG63_BONE	CVCL_0426
MHHCALL2_HAEMATOPOIETIC_AND_LYMPHOID_TISSUE	CVCL_1409
MHHCALL3_HAEMATOPOIETIC_AND_LYMPHOID_TISSUE	CVCL_0089
MHHCALL4_HAEMATOPOIETIC_AND_LYMPHOID_TISSUE	CVCL_1410
MHHES1_BONE	CVCL_1411
MHHNB11_AUTONOMIC_GANGLIA	CVCL_1412
MHHPREB1_HAEMATOPOIETIC_AND_LYMPHOID_TISSUE	CVCL_1413
MIAPACA2_PANCREAS	CVCL_0428
MINO_HAEMATOPOIETIC_AND_LYMPHOID_TISSUE	CVCL_1872
MJ_HAEMATOPOIETIC_AND_LYMPHOID_TISSUE	CVCL_1414
MKL1_SKIN	CVCL_2600
MKL2_SKIN	CVCL_D027
MKN1_STOMACH	CVCL_1415
MKN28_STOMACH	CVCL_1416
MKN45_STOMACH	CVCL_0434
MKN74_STOMACH	CVCL_2791
MKN7_STOMACH	CVCL_1417
ML1_THYROID	CVCL_H525
ML2_HAEMATOPOIETIC_AND_LYMPHOID_TISSUE	CVCL_1418
MLMA_HAEMATOPOIETIC_AND_LYMPHOID_TISSUE	CVCL_1419
MM1S_HAEMATOPOIETIC_AND_LYMPHOID_TISSUE	CVCL_8792
MMACSF_SKIN	CVCL_1420
MN60_HAEMATOPOIETIC_AND_LYMPHOID_TISSUE	CVCL_1421
MOGGCCM_CENTRAL_NERVOUS_SYSTEM	CVCL_2613
MOGGUVW_CENTRAL_NERVOUS_SYSTEM	CVCL_2614
MOLM13_HAEMATOPOIETIC_AND_LYMPHOID_TISSUE	CVCL_2119
MOLM16_HAEMATOPOIETIC_AND_LYMPHOID_TISSUE	CVCL_2120
MOLM6_HAEMATOPOIETIC_AND_LYMPHOID_TISSUE	CVCL_2122
MOLP2_HAEMATOPOIETIC_AND_LYMPHOID_TISSUE	CVCL_2123
MOLP8_HAEMATOPOIETIC_AND_LYMPHOID_TISSUE	CVCL_2124
MOLT13_HAEMATOPOIETIC_AND_LYMPHOID_TISSUE	CVCL_1422
MOLT16_HAEMATOPOIETIC_AND_LYMPHOID_TISSUE	CVCL_1424
MOLT3_HAEMATOPOIETIC_AND_LYMPHOID_TISSUE	CVCL_0624
MOLT4_HAEMATOPOIETIC_AND_LYMPHOID_TISSUE	CVCL_0013
MONOMAC1_HAEMATOPOIETIC_AND_LYMPHOID_TISSUE	CVCL_1425
MONOMAC6_HAEMATOPOIETIC_AND_LYMPHOID_TISSUE	CVCL_1426
MON_SOFT_TISSUE	CVCL_M846
MORCPR_LUNG	CVCL_2620
MOTN1_HAEMATOPOIETIC_AND_LYMPHOID_TISSUE	CVCL_2127
MOT_HAEMATOPOIETIC_AND_LYMPHOID_TISSUE	CVCL_1439
MPP89_PLEURA	CVCL_1427
MRKNU1_BREAST	CVCL_1428
MS1_LUNG	CVCL_1429
MS751_CERVIX	CVCL_4996
MSTO211H_PLEURA	CVCL_1430
MUTZ3_HAEMATOPOIETIC_AND_LYMPHOID_TISSUE	CVCL_1433
MUTZ5_HAEMATOPOIETIC_AND_LYMPHOID_TISSUE	CVCL_1873
MV411_HAEMATOPOIETIC_AND_LYMPHOID_TISSUE	CVCL_0064
MYM12_HAEMATOPOIETIC_AND_LYMPHOID_TISSUE	CVCL_3035
MZ1PC_PANCREAS	CVCL_1434
MZ2MEL_SKIN	CVCL_1435
MZ7MEL_SKIN	CVCL_1436
NALM19_HAEMATOPOIETIC_AND_LYMPHOID_TISSUE	CVCL_1835
NALM1_HAEMATOPOIETIC_AND_LYMPHOID_TISSUE	CVCL_0091
NALM6_HAEMATOPOIETIC_AND_LYMPHOID_TISSUE	CVCL_0092
NAMALWA_HAEMATOPOIETIC_AND_LYMPHOID_TISSUE	CVCL_0067
NB10_AUTONOMIC_GANGLIA	CVCL_1441
NB12_AUTONOMIC_GANGLIA	CVCL_1442
NB13_AUTONOMIC_GANGLIA	CVCL_1443
NB14_AUTONOMIC_GANGLIA	CVCL_1444
NB17_AUTONOMIC_GANGLIA	CVCL_1445
NB1_AUTONOMIC_GANGLIA	CVCL_1440
NB4_HAEMATOPOIETIC_AND_LYMPHOID_TISSUE	CVCL_0005
NB5_AUTONOMIC_GANGLIA	CVCL_8822
NB69_AUTONOMIC_GANGLIA	CVCL_1448
NB6_AUTONOMIC_GANGLIA	CVCL_8823
NB7_AUTONOMIC_GANGLIA	CVCL_8824
NBSUSSR_AUTONOMIC_GANGLIA	CVCL_1450
NBTU110_AUTONOMIC_GANGLIA	CVCL_3041
NCC010_KIDNEY	CVCL_X505
NCC021_KIDNEY	CVCL_X506
NCCIT_TESTIS	CVCL_1451
NCCSTCK140_STOMACH	CVCL_3055
NCIH1048_LUNG	CVCL_1453
NCIH1092_LUNG	CVCL_1454
NCIH1105_LUNG	CVCL_1455
NCIH1155_LUNG	CVCL_1456
NCIH1184_LUNG	CVCL_1458
NCIH128_LUNG	CVCL_1460
NCIH1299_LUNG	CVCL_0060
NCIH1304_LUNG	CVCL_1462
NCIH1339_LUNG	CVCL_A472
NCIH1341_LUNG	CVCL_1463
NCIH1355_LUNG	CVCL_1464
NCIH1373_LUNG	CVCL_1465
NCIH1385_LUNG	CVCL_1466
NCIH1395_LUNG	CVCL_1467
NCIH1417_LUNG	CVCL_1469
NCIH1435_LUNG	CVCL_1470
NCIH1436_LUNG	CVCL_1471
NCIH1437_LUNG	CVCL_1472
NCIH146_LUNG	CVCL_1473
NCIH1563_LUNG	CVCL_1475
NCIH1568_LUNG	CVCL_1476
NCIH1573_LUNG	CVCL_1478
NCIH1581_LUNG	CVCL_1479
NCIH1618_LUNG	CVCL_1480
NCIH1623_LUNG	CVCL_1481
NCIH1648_LUNG	CVCL_1482
NCIH1650_LUNG	CVCL_1483
NCIH1651_LUNG	CVCL_1484
NCIH1666_LUNG	CVCL_1485
NCIH1688_LUNG	CVCL_1487
NCIH1693_LUNG	CVCL_1488
NCIH1694_LUNG	CVCL_1489
NCIH1703_LUNG	CVCL_1490
NCIH1734_LUNG	CVCL_1491
NCIH1755_LUNG	CVCL_1492
NCIH1770_LUNG	CVCL_1493
NCIH1781_LUNG	CVCL_1494
NCIH1792_LUNG	CVCL_1495
NCIH1793_LUNG	CVCL_1496
NCIH1819_LUNG	CVCL_1497
NCIH1836_LUNG	CVCL_1498
NCIH1838_LUNG	CVCL_1499
NCIH1869_LUNG	CVCL_1500
NCIH1876_LUNG	CVCL_1503
NCIH187_LUNG	CVCL_1501
NCIH1915_LUNG	CVCL_1505
NCIH1930_LUNG	CVCL_1507
NCIH1944_LUNG	CVCL_1508
NCIH1963_LUNG	CVCL_1510
NCIH196_LUNG	CVCL_1509
NCIH1975_LUNG	CVCL_1511
NCIH1993_LUNG	CVCL_1512
NCIH2004RT_SOFT_TISSUE	CVCL_WS70
NCIH2009_LUNG	CVCL_1514
NCIH2023_LUNG	CVCL_1515
NCIH2029_LUNG	CVCL_1516
NCIH2030_LUNG	CVCL_1517
NCIH2052_PLEURA	CVCL_1518
NCIH2066_LUNG	CVCL_1520
NCIH2073_LUNG	CVCL_1521
NCIH2077_LUNG	CVCL_5157
NCIH2081_LUNG	CVCL_1522
NCIH2085_LUNG	CVCL_1523
NCIH2087_LUNG	CVCL_1524
NCIH209_LUNG	CVCL_1525
NCIH2106_LUNG	CVCL_1526
NCIH2110_LUNG	CVCL_1530
NCIH211_LUNG	CVCL_1529
NCIH2122_LUNG	CVCL_1531
NCIH2126_LUNG	CVCL_1532
NCIH2135_LUNG	CVCL_1533
NCIH2141_LUNG	CVCL_1534
NCIH2170_LUNG	CVCL_1535
NCIH2171_LUNG	CVCL_1536
NCIH2172_LUNG	CVCL_1537
NCIH2196_LUNG	CVCL_1539
NCIH2227_LUNG	CVCL_1542
NCIH2228_LUNG	CVCL_1543
NCIH226_LUNG	CVCL_1544
NCIH2286_LUNG	CVCL_1545
NCIH2291_LUNG	CVCL_1546
NCIH2342_LUNG	CVCL_1549
NCIH2347_LUNG	CVCL_1550
NCIH2373_PLEURA	CVCL_A533
NCIH23_LUNG	CVCL_1547
NCIH2405_LUNG	CVCL_1551
NCIH2444_LUNG	CVCL_1552
NCIH2452_PLEURA	CVCL_1553
NCIH2461_PLEURA	CVCL_A536
NCIH250_LUNG	CVCL_1554
NCIH2591_PLEURA	CVCL_A543
NCIH2595_PLEURA	CVCL_A545
NCIH2722_PLEURA	CVCL_U994
NCIH2731_PLEURA	CVCL_U995
NCIH2795_PLEURA	CVCL_U996
NCIH2803_PLEURA	CVCL_U997
NCIH2804_PLEURA	CVCL_U998
NCIH2810_PLEURA	CVCL_U999
NCIH2818_PLEURA	CVCL_V000
NCIH2869_PLEURA	CVCL_V001
NCIH2882_LUNG	CVCL_5158
NCIH2887_LUNG	CVCL_5159
NCIH28_PLEURA	CVCL_1555
NCIH292_LUNG	CVCL_0455
NCIH3122_LUNG	CVCL_5160
NCIH322_LUNG	CVCL_1556
NCIH3255_LUNG	CVCL_6831
NCIH345_LUNG	CVCL_1558
NCIH358_LUNG	CVCL_1559
NCIH378_LUNG	CVCL_1560
NCIH441_LUNG	CVCL_1561
NCIH446_LUNG	CVCL_1562
NCIH460_LUNG	CVCL_0459
NCIH508_LARGE_INTESTINE	CVCL_1564
NCIH510_LUNG	CVCL_1565
NCIH520_LUNG	CVCL_1566
NCIH522_LUNG	CVCL_1567
NCIH524_LUNG	CVCL_1568
NCIH526_LUNG	CVCL_1569
NCIH596_LUNG	CVCL_1571
NCIH630_LARGE_INTESTINE	CVCL_1572
NCIH647_LUNG	CVCL_1574
NCIH64_LUNG	CVCL_1573
NCIH650_LUNG	CVCL_1575
NCIH660_PROSTATE	CVCL_1576
NCIH661_LUNG	CVCL_1577
NCIH684_LIVER	CVCL_9980
NCIH69_LUNG	CVCL_1579
NCIH716_LARGE_INTESTINE	CVCL_1581
NCIH720_LUNG	CVCL_1583
NCIH727_LUNG	CVCL_1584
NCIH740_LUNG	CVCL_1586
NCIH747_LARGE_INTESTINE	CVCL_1587
NCIH748_LUNG	CVCL_1588
NCIH810_LUNG	CVCL_1590
NCIH82_LUNG	CVCL_1591
NCIH835_LUNG	CVCL_1593
NCIH838_LUNG	CVCL_1594
NCIH841_LUNG	CVCL_1595
NCIH847_LUNG	CVCL_1596
NCIH854_LUNG	CVCL_A584
NCIH889_LUNG	CVCL_1598
NCIH929_HAEMATOPOIETIC_AND_LYMPHOID_TISSUE	CVCL_1600
NCIN87_STOMACH	CVCL_1603
NCO2_HAEMATOPOIETIC_AND_LYMPHOID_TISSUE	CVCL_3043
NEC8_TESTIS	CVCL_1604
NH12_AUTONOMIC_GANGLIA	CVCL_1605
NH6_AUTONOMIC_GANGLIA	CVCL_1606
NHAHTDD_CENTRAL_NERVOUS_SYSTEM	CVCL_WS73
NIHOVCAR3_OVARY	CVCL_0465
NK92MI_HAEMATOPOIETIC_AND_LYMPHOID_TISSUE	CVCL_3755
NKM1_HAEMATOPOIETIC_AND_LYMPHOID_TISSUE	CVCL_1607
NMCG1_CENTRAL_NERVOUS_SYSTEM	CVCL_1608
NO10_CENTRAL_NERVOUS_SYSTEM	CVCL_3075
NO11_CENTRAL_NERVOUS_SYSTEM	CVCL_3076
NOMO1_HAEMATOPOIETIC_AND_LYMPHOID_TISSUE	CVCL_1609
NOS1_BONE	CVCL_1610
NTERA2CLD1_TESTIS	CVCL_3407
NUDHL1_HAEMATOPOIETIC_AND_LYMPHOID_TISSUE	CVCL_1876
NUDUL1_HAEMATOPOIETIC_AND_LYMPHOID_TISSUE	CVCL_1877
NUGC2_STOMACH	CVCL_1611
NUGC3_STOMACH	CVCL_1612
NUGC4_STOMACH	CVCL_3082
NY_BONE	CVCL_1613
OACM51_OESOPHAGUS	CVCL_1842
OACP4C_OESOPHAGUS	CVCL_1843
OAW28_OVARY	CVCL_1614
OAW42_OVARY	CVCL_1615
OC314_OVARY	CVCL_1616
OC316_OVARY	CVCL_1618
OCIAML2_HAEMATOPOIETIC_AND_LYMPHOID_TISSUE	CVCL_1619
OCIAML3_HAEMATOPOIETIC_AND_LYMPHOID_TISSUE	CVCL_1844
OCIAML5_HAEMATOPOIETIC_AND_LYMPHOID_TISSUE	CVCL_1620
OCILY10_HAEMATOPOIETIC_AND_LYMPHOID_TISSUE	CVCL_8795
OCILY19_HAEMATOPOIETIC_AND_LYMPHOID_TISSUE	CVCL_1878
OCILY3_HAEMATOPOIETIC_AND_LYMPHOID_TISSUE	CVCL_8800
OCILY7_HAEMATOPOIETIC_AND_LYMPHOID_TISSUE	CVCL_1881
OCIM1_HAEMATOPOIETIC_AND_LYMPHOID_TISSUE	CVCL_2149
OCIMY5_HAEMATOPOIETIC_AND_LYMPHOID_TISSUE	CVCL_E332
OCIMY7_HAEMATOPOIETIC_AND_LYMPHOID_TISSUE	CVCL_E333
OCUBM_BREAST	CVCL_1621
OCUM1_STOMACH	CVCL_3084
OE19_OESOPHAGUS	CVCL_1622
OE21_OESOPHAGUS	CVCL_2661
OE33_OESOPHAGUS	CVCL_0471
OELE_OVARY	CVCL_IW56
OMC1_CERVIX	CVCL_1623
ONCODG1_OVARY	CVCL_1882
ONS76_CENTRAL_NERVOUS_SYSTEM	CVCL_1624
OPM1_HAEMATOPOIETIC_AND_LYMPHOID_TISSUE	CVCL_5210
OPM2_HAEMATOPOIETIC_AND_LYMPHOID_TISSUE	CVCL_1625
OSC19_UPPER_AERODIGESTIVE_TRACT	CVCL_3086
OSC20_UPPER_AERODIGESTIVE_TRACT	CVCL_3087
OSRC2_KIDNEY	CVCL_1626
OUMS23_LARGE_INTESTINE	CVCL_3088
OUMS27_BONE	CVCL_3090
OV17R_OVARY	CVCL_2672
OV56_OVARY	CVCL_2673
OV7_OVARY	CVCL_2675
OV90_OVARY	CVCL_3768
OVCA420_OVARY	CVCL_3935
OVCA433_OVARY	CVCL_0475
OVCAR4_OVARY	CVCL_1627
OVCAR5_OVARY	CVCL_1628
OVCAR8_OVARY	CVCL_1629
OVISE_OVARY	CVCL_3116
OVK18_OVARY	CVCL_3770
OVKATE_OVARY	CVCL_3110
OVMANA_OVARY	CVCL_3111
OVMIU_OVARY	CVCL_3112
OVSAHO_OVARY	CVCL_3114
OVTOKO_OVARY	CVCL_3117
P12ICHIKAWA_HAEMATOPOIETIC_AND_LYMPHOID_TISSUE	CVCL_1630
P30OHK_HAEMATOPOIETIC_AND_LYMPHOID_TISSUE	CVCL_1631
P31FUJ_HAEMATOPOIETIC_AND_LYMPHOID_TISSUE	CVCL_1632
P32ISH_HAEMATOPOIETIC_AND_LYMPHOID_TISSUE	CVCL_3119
P3HR1_HAEMATOPOIETIC_AND_LYMPHOID_TISSUE	CVCL_2676
PA1_OVARY	CVCL_0479
PANC0203_PANCREAS	CVCL_1633
PANC0213_PANCREAS	CVCL_1634
PANC0327_PANCREAS	CVCL_1635
PANC0403_PANCREAS	CVCL_1636
PANC0504_PANCREAS	CVCL_1637
PANC0813_PANCREAS	CVCL_1638
PANC1005_PANCREAS	CVCL_1639
PANC1_PANCREAS	CVCL_0480
PATU8902_PANCREAS	CVCL_1845
PATU8988S_PANCREAS	CVCL_1846
PATU8988T_PANCREAS	CVCL_1847
PC14_LUNG	CVCL_1640
PC3JPC3_LUNG	CVCL_S982
PC3_PROSTATE	CVCL_0035
PC9_LUNG	CVCL_B260
PCI15A_UPPER_AERODIGESTIVE_TRACT	CVCL_C184
PCI30_UPPER_AERODIGESTIVE_TRACT	CVCL_C757
PCI38_UPPER_AERODIGESTIVE_TRACT	CVCL_M471
PCI4B_UPPER_AERODIGESTIVE_TRACT	CVCL_C171
PCI6A_UPPER_AERODIGESTIVE_TRACT	CVCL_C173
PCM6_HAEMATOPOIETIC_AND_LYMPHOID_TISSUE	CVCL_4666
PECAPJ15_UPPER_AERODIGESTIVE_TRACT	CVCL_2678
PECAPJ34CLONEC12_UPPER_AERODIGESTIVE_TRACT	CVCL_2679
PECAPJ41CLONED2_UPPER_AERODIGESTIVE_TRACT	CVCL_2680
PECAPJ49_UPPER_AERODIGESTIVE_TRACT	CVCL_2681
PEER_HAEMATOPOIETIC_AND_LYMPHOID_TISSUE	CVCL_1913
PEO1_OVARY	CVCL_2686
PETA_SKIN	CVCL_LC73
PF382_HAEMATOPOIETIC_AND_LYMPHOID_TISSUE	CVCL_1641
PFEIFFER_HAEMATOPOIETIC_AND_LYMPHOID_TISSUE	CVCL_3326
PFSK1_CENTRAL_NERVOUS_SYSTEM	CVCL_1642
PK1_PANCREAS	CVCL_4717
PK45H_PANCREAS	CVCL_6748
PK59_PANCREAS	CVCL_4897
PL18_PANCREAS	CVCL_X507
PL21_HAEMATOPOIETIC_AND_LYMPHOID_TISSUE	CVCL_2161
PL45_PANCREAS	CVCL_3567
PL4_PANCREAS	CVCL_S976
PLB985_HAEMATOPOIETIC_AND_LYMPHOID_TISSUE	CVCL_2162
PLCPRF5_LIVER	CVCL_0485
PRECLH_PROSTATE	CVCL_V626
PSN1_PANCREAS	CVCL_1644
PWR1E_PROSTATE	CVCL_3775
QGP1_PANCREAS	CVCL_3143
QIMRWIL_HAEMATOPOIETIC_AND_LYMPHOID_TISSUE	CVCL_1645
RAJI_HAEMATOPOIETIC_AND_LYMPHOID_TISSUE	CVCL_0511
RAMOS2G64C10_HAEMATOPOIETIC_AND_LYMPHOID_TISSUE	CVCL_1646
RCC10RGB_KIDNEY	CVCL_1647
RCC4_KIDNEY	CVCL_0498
RCCAB_KIDNEY	CVCL_5868
RCCER_KIDNEY	CVCL_5870
RCCFG2_KIDNEY	CVCL_5873
RCCJF_KIDNEY	CVCL_5879
RCCJW_KIDNEY	CVCL_5880
RCCMF_KIDNEY	CVCL_5884
RCHACV_HAEMATOPOIETIC_AND_LYMPHOID_TISSUE	CVCL_1851
RCK8_HAEMATOPOIETIC_AND_LYMPHOID_TISSUE	CVCL_1883
RCM1_LARGE_INTESTINE	CVCL_1648
RDES_BONE	CVCL_2169
RD_SOFT_TISSUE	CVCL_1649
REC1_HAEMATOPOIETIC_AND_LYMPHOID_TISSUE	CVCL_1884
REH_HAEMATOPOIETIC_AND_LYMPHOID_TISSUE	CVCL_1650
RERFGC1B_STOMACH	CVCL_3152
RERFLCAD1_LUNG	CVCL_1651
RERFLCAD2_LUNG	CVCL_1652
RERFLCAI_LUNG	CVCL_4402
RERFLCFM_LUNG	CVCL_1653
RERFLCKJ_LUNG	CVCL_1654
RERFLCMS_LUNG	CVCL_1655
RERFLCSQ1_LUNG	CVCL_1656
RF48_STOMACH	CVCL_1657
RH18_SOFT_TISSUE	CVCL_1659
RH1_SOFT_TISSUE	CVCL_1658
RH30_SOFT_TISSUE	CVCL_0041
RH41_SOFT_TISSUE	CVCL_2176
RI1_HAEMATOPOIETIC_AND_LYMPHOID_TISSUE	CVCL_1885
RKN_SOFT_TISSUE	CVCL_3156
RKO_LARGE_INTESTINE	CVCL_0504
RL952_ENDOMETRIUM	CVCL_0505
RL_HAEMATOPOIETIC_AND_LYMPHOID_TISSUE	CVCL_1660
RMGI_OVARY	CVCL_1662
RMUGS_OVARY	CVCL_3158
RO82W1_THYROID	CVCL_0582
ROS50_HAEMATOPOIETIC_AND_LYMPHOID_TISSUE	CVCL_1887
RPMI2650_UPPER_AERODIGESTIVE_TRACT	CVCL_1664
RPMI6666_HAEMATOPOIETIC_AND_LYMPHOID_TISSUE	CVCL_1665
RPMI7951_SKIN	CVCL_1666
RPMI8226_HAEMATOPOIETIC_AND_LYMPHOID_TISSUE	CVCL_0014
RPMI8402_HAEMATOPOIETIC_AND_LYMPHOID_TISSUE	CVCL_1667
RPMI8866_HAEMATOPOIETIC_AND_LYMPHOID_TISSUE	CVCL_1668
RS411_HAEMATOPOIETIC_AND_LYMPHOID_TISSUE	CVCL_0093
RS5_FIBROBLAST	CVCL_2182
RT11284_URINARY_TRACT	CVCL_2714
RT112_URINARY_TRACT	CVCL_1670
RT4_URINARY_TRACT	CVCL_0036
RVH421_SKIN	CVCL_1672
RXF393_KIDNEY	CVCL_1673
S117_THYROID	CVCL_1674
SALE_LUNG	CVCL_WS60
SAOS2_BONE	CVCL_0548
SARC9371_BONE	CVCL_5G89
SAS_UPPER_AERODIGESTIVE_TRACT	CVCL_1675
SAT_UPPER_AERODIGESTIVE_TRACT	CVCL_3160
SBC1_LUNG	CVCL_1676
SBC3_LUNG	CVCL_1678
SBC5_LUNG	CVCL_1679
SC1_HAEMATOPOIETIC_AND_LYMPHOID_TISSUE	CVCL_1888
SCABER_URINARY_TRACT	CVCL_3599
SCC15_UPPER_AERODIGESTIVE_TRACT	CVCL_1681
SCC25_UPPER_AERODIGESTIVE_TRACT	CVCL_1682
SCC3_HAEMATOPOIETIC_AND_LYMPHOID_TISSUE	CVCL_1683
SCC4_UPPER_AERODIGESTIVE_TRACT	CVCL_1684
SCC9_UPPER_AERODIGESTIVE_TRACT	CVCL_1685
SCH_STOMACH	CVCL_1687
SCLC21H_LUNG	CVCL_0024
SEM_HAEMATOPOIETIC_AND_LYMPHOID_TISSUE	CVCL_0095
SET2_HAEMATOPOIETIC_AND_LYMPHOID_TISSUE	CVCL_2187
SF126_CENTRAL_NERVOUS_SYSTEM	CVCL_1688
SF172_CENTRAL_NERVOUS_SYSTEM	CVCL_V613
SF268_CENTRAL_NERVOUS_SYSTEM	CVCL_1689
SF295_CENTRAL_NERVOUS_SYSTEM	CVCL_1690
SF539_CENTRAL_NERVOUS_SYSTEM	CVCL_1691
SF767_CERVIX	CVCL_6950
SF8657_SKIN	CVCL_K085
SH10TC_STOMACH	CVCL_5167
SH4_SKIN	CVCL_1692
SHP77_LUNG	CVCL_1693
SHSY5Y_AUTONOMIC_GANGLIA	CVCL_0019
SIGM5_HAEMATOPOIETIC_AND_LYMPHOID_TISSUE	CVCL_1694
SIHA_CERVIX	CVCL_0032
SIMA_AUTONOMIC_GANGLIA	CVCL_1695
SISO_CERVIX	CVCL_2193
SJRH30_SOFT_TISSUE	CVCL_0041
SJSA1_BONE	CVCL_1697
SKBR3_BREAST	CVCL_0033
SKCO1_LARGE_INTESTINE	CVCL_0626
SKES1_BONE	CVCL_0627
SKGIIIA_CERVIX	CVCL_1704
SKGT2_STOMACH	CVCL_2194
SKGT4_OESOPHAGUS	CVCL_2195
SKHEP1_LIVER	CVCL_0525
SKLMS1_SOFT_TISSUE	CVCL_0628
SKLU1_LUNG	CVCL_0629
SKM1_HAEMATOPOIETIC_AND_LYMPHOID_TISSUE	CVCL_0098
SKMEL1_SKIN	CVCL_0068
SKMEL24_SKIN	CVCL_0599
SKMEL28_SKIN	CVCL_0526
SKMEL2_SKIN	CVCL_0069
SKMEL30_SKIN	CVCL_0039
SKMEL31_SKIN	CVCL_0600
SKMEL3_SKIN	CVCL_0550
SKMEL5_SKIN	CVCL_0527
SKMES1_LUNG	CVCL_0630
SKMG1_CENTRAL_NERVOUS_SYSTEM	CVCL_1698
SKMM2_HAEMATOPOIETIC_AND_LYMPHOID_TISSUE	CVCL_1699
SKN3_UPPER_AERODIGESTIVE_TRACT	CVCL_3168
SKNAS_AUTONOMIC_GANGLIA	CVCL_1700
SKNBE2_AUTONOMIC_GANGLIA	CVCL_0528
SKNDZ_AUTONOMIC_GANGLIA	CVCL_1701
SKNEP1_BONE	CVCL_0631
SKNFI_AUTONOMIC_GANGLIA	CVCL_1702
SKNMC_BONE	CVCL_0530
SKNO1_HAEMATOPOIETIC_AND_LYMPHOID_TISSUE	CVCL_2196
SKNSH_AUTONOMIC_GANGLIA	CVCL_0531
SKN_ENDOMETRIUM	CVCL_3167
SKOV3_OVARY	CVCL_0532
SKPNDW_BONE	CVCL_1703
SKRC20_KIDNEY	CVCL_V605
SKRC31_KIDNEY	CVCL_6186
SKUT1_SOFT_TISSUE	CVCL_0533
SLR20_KIDNEY	CVCL_V606
SLR21_KIDNEY	CVCL_V607
SLR23_KIDNEY	CVCL_V609
SLR24_KIDNEY	CVCL_V610
SLR25_KIDNEY	CVCL_V611
SLR26_KIDNEY	CVCL_V612
SLVL_HAEMATOPOIETIC_AND_LYMPHOID_TISSUE	CVCL_3169
SMSCTR_SOFT_TISSUE	CVCL_A770
SN12C_KIDNEY	CVCL_1705
SNB19_CENTRAL_NERVOUS_SYSTEM	CVCL_0535
SNB75_CENTRAL_NERVOUS_SYSTEM	CVCL_1706
SNGM_ENDOMETRIUM	CVCL_1707
SNU1033_LARGE_INTESTINE	CVCL_5002
SNU1040_LARGE_INTESTINE	CVCL_5003
SNU1041_UPPER_AERODIGESTIVE_TRACT	CVCL_L085
SNU1066_UPPER_AERODIGESTIVE_TRACT	CVCL_5005
SNU1076_UPPER_AERODIGESTIVE_TRACT	CVCL_5006
SNU1077_ENDOMETRIUM	CVCL_5007
SNU1079_BILIARY_TRACT	CVCL_5008
SNU1105_CENTRAL_NERVOUS_SYSTEM	CVCL_5010
SNU1196_BILIARY_TRACT	CVCL_5015
SNU1197_LARGE_INTESTINE	CVCL_5016
SNU119_OVARY	CVCL_5014
SNU1214_UPPER_AERODIGESTIVE_TRACT	CVCL_5017
SNU1272_KIDNEY	CVCL_8788
SNU16_STOMACH	CVCL_0076
SNU175_LARGE_INTESTINE	CVCL_5031
SNU182_LIVER	CVCL_0090
SNU1_STOMACH	CVCL_0099
SNU201_CENTRAL_NERVOUS_SYSTEM	CVCL_5033
SNU213_PANCREAS	CVCL_5034
SNU216_STOMACH	CVCL_3946
SNU245_BILIARY_TRACT	CVCL_5038
SNU283_LARGE_INTESTINE	CVCL_5044
SNU308_BILIARY_TRACT	CVCL_5048
SNU324_PANCREAS	CVCL_5051
SNU349_KIDNEY	CVCL_5054
SNU387_LIVER	CVCL_0250
SNU398_LIVER	CVCL_0077
SNU407_LARGE_INTESTINE	CVCL_5058
SNU410_PANCREAS	CVCL_5059
SNU423_LIVER	CVCL_0366
SNU449_LIVER	CVCL_0454
SNU466_CENTRAL_NERVOUS_SYSTEM	CVCL_5064
SNU46_UPPER_AERODIGESTIVE_TRACT	CVCL_5063
SNU475_LIVER	CVCL_0497
SNU478_BILIARY_TRACT	CVCL_5065
SNU489_CENTRAL_NERVOUS_SYSTEM	CVCL_5069
SNU503_LARGE_INTESTINE	CVCL_5071
SNU520_STOMACH	CVCL_5072
SNU5_STOMACH	CVCL_0078
SNU601_STOMACH	CVCL_0101
SNU61_LARGE_INTESTINE	CVCL_5078
SNU620_STOMACH	CVCL_5079
SNU626_CENTRAL_NERVOUS_SYSTEM	CVCL_5080
SNU668_STOMACH	CVCL_5081
SNU685_ENDOMETRIUM	CVCL_5083
SNU719_STOMACH	CVCL_5086
SNU738_CENTRAL_NERVOUS_SYSTEM	CVCL_5087
SNU761_LIVER	CVCL_5089
SNU81_LARGE_INTESTINE	CVCL_5098
SNU840_OVARY	CVCL_5100
SNU869_BILIARY_TRACT	CVCL_5101
SNU878_LIVER	CVCL_5102
SNU886_LIVER	CVCL_5103
SNU899_UPPER_AERODIGESTIVE_TRACT	CVCL_5105
SNU8_OVARY	CVCL_5096
SNUC1_LARGE_INTESTINE	CVCL_1708
SNUC2A_LARGE_INTESTINE	CVCL_1709
SNUC2B_LARGE_INTESTINE	CVCL_1710
SNUC4_LARGE_INTESTINE	CVCL_5111
SNUC5_LARGE_INTESTINE	CVCL_5112
SQ1_LUNG	CVCL_4900
ST486_HAEMATOPOIETIC_AND_LYMPHOID_TISSUE	CVCL_1712
STM9101_SOFT_TISSUE	CVCL_8000
STS0421_SOFT_TISSUE	CVCL_X508
SU8686_PANCREAS	CVCL_3881
SUDHL10_HAEMATOPOIETIC_AND_LYMPHOID_TISSUE	CVCL_1889
SUDHL16_HAEMATOPOIETIC_AND_LYMPHOID_TISSUE	CVCL_1890
SUDHL1_HAEMATOPOIETIC_AND_LYMPHOID_TISSUE	CVCL_0538
SUDHL4_HAEMATOPOIETIC_AND_LYMPHOID_TISSUE	CVCL_0539
SUDHL5_HAEMATOPOIETIC_AND_LYMPHOID_TISSUE	CVCL_1735
SUDHL6_HAEMATOPOIETIC_AND_LYMPHOID_TISSUE	CVCL_2206
SUDHL8_HAEMATOPOIETIC_AND_LYMPHOID_TISSUE	CVCL_2207
SUIT2_PANCREAS	CVCL_3172
SUM52PE_BREAST	CVCL_3425
SUMB002_CENTRAL_NERVOUS_SYSTEM	CVCL_VU79
SUPB15_HAEMATOPOIETIC_AND_LYMPHOID_TISSUE	CVCL_0103
SUPB8_HAEMATOPOIETIC_AND_LYMPHOID_TISSUE	CVCL_1713
SUPHD1_HAEMATOPOIETIC_AND_LYMPHOID_TISSUE	CVCL_2208
SUPM2_HAEMATOPOIETIC_AND_LYMPHOID_TISSUE	CVCL_2209
SUPT11_HAEMATOPOIETIC_AND_LYMPHOID_TISSUE	CVCL_2210
SUPT1_HAEMATOPOIETIC_AND_LYMPHOID_TISSUE	CVCL_1714
SW1088_CENTRAL_NERVOUS_SYSTEM	CVCL_1715
SW1116_LARGE_INTESTINE	CVCL_0544
SW1271_LUNG	CVCL_1716
SW1353_BONE	CVCL_0543
SW13_ADRENAL_CORTEX	CVCL_0542
SW1417_LARGE_INTESTINE	CVCL_1717
SW1463_LARGE_INTESTINE	CVCL_1718
SW156_KIDNEY	CVCL_1719
SW1573_LUNG	CVCL_1720
SW1710_URINARY_TRACT	CVCL_1721
SW1783_CENTRAL_NERVOUS_SYSTEM	CVCL_1722
SW1990_PANCREAS	CVCL_1723
SW403_LARGE_INTESTINE	CVCL_0545
SW480_LARGE_INTESTINE	CVCL_0546
SW48_LARGE_INTESTINE	CVCL_1724
SW579_THYROID	CVCL_3603
SW620_LARGE_INTESTINE	CVCL_0547
SW626_LARGE_INTESTINE	CVCL_1725
SW684_SOFT_TISSUE	CVCL_1726
SW756_CERVIX	CVCL_1727
SW780_URINARY_TRACT	CVCL_1728
SW837_LARGE_INTESTINE	CVCL_1729
SW872_SOFT_TISSUE	CVCL_1730
SW900_LUNG	CVCL_1731
SW948_LARGE_INTESTINE	CVCL_0632
SW954_CERVIX	CVCL_1732
SW962_VULVA	CVCL_1733
SW982_SOFT_TISSUE	CVCL_1734
T173_FIBROBLAST	CVCL_3605
T24_URINARY_TRACT	CVCL_0554
T3M10_LUNG	CVCL_8067
T3M4_PANCREAS	CVCL_4056
T47D_BREAST	CVCL_0553
T84_LARGE_INTESTINE	CVCL_0555
T98G_CENTRAL_NERVOUS_SYSTEM	CVCL_0556
TALL1_HAEMATOPOIETIC_AND_LYMPHOID_TISSUE	CVCL_1736
TASK1_CENTRAL_NERVOUS_SYSTEM	CVCL_3177
TC32_BONE	CVCL_7151
TC71_BONE	CVCL_2213
TCCPAN2_PANCREAS	CVCL_3178
TCCSUP_URINARY_TRACT	CVCL_1738
TCYIK_CERVIX	CVCL_1737
TE10_OESOPHAGUS	CVCL_1760
TE11_OESOPHAGUS	CVCL_1761
TE125T_FIBROBLAST	CVCL_1740
TE12_OESOPHAGUS	CVCL_1762
TE14_OESOPHAGUS	CVCL_3336
TE159T_FIBROBLAST	CVCL_1743
TE15_OESOPHAGUS	CVCL_1763
TE1_OESOPHAGUS	CVCL_1759
TE441T_SOFT_TISSUE	CVCL_1754
TE4_OESOPHAGUS	CVCL_3337
TE5_OESOPHAGUS	CVCL_1764
TE617T_SOFT_TISSUE	CVCL_1755
TE6_OESOPHAGUS	CVCL_1765
TE8_OESOPHAGUS	CVCL_1766
TE9_OESOPHAGUS	CVCL_1767
TEN_ENDOMETRIUM	CVCL_E063
TF1_HAEMATOPOIETIC_AND_LYMPHOID_TISSUE	CVCL_0559
TGBC11TKB_STOMACH	CVCL_1768
TGBC1TKB_BILIARY_TRACT	CVCL_1769
TGBC24TKB_BILIARY_TRACT	CVCL_1770
TGW_AUTONOMIC_GANGLIA	CVCL_1771
THP1_HAEMATOPOIETIC_AND_LYMPHOID_TISSUE	CVCL_0006
TIG3TD_FIBROBLAST	CVCL_V617
TK10_KIDNEY	CVCL_1773
TK_HAEMATOPOIETIC_AND_LYMPHOID_TISSUE	CVCL_3216
TM31_CENTRAL_NERVOUS_SYSTEM	CVCL_6735
TM87_SOFT_TISSUE	CVCL_8001
TMK1_STOMACH	CVCL_4384
TO175T_FIBROBLAST	CVCL_3806
TOLEDO_HAEMATOPOIETIC_AND_LYMPHOID_TISSUE	CVCL_3611
TOV112D_OVARY	CVCL_3612
TOV21G_OVARY	CVCL_3613
TT2609C02_THYROID	CVCL_2218
TTC1240_SOFT_TISSUE	CVCL_8002
TTC549_SOFT_TISSUE	CVCL_8005
TTC642_SOFT_TISSUE	CVCL_8006
TTC709_SOFT_TISSUE	CVCL_8007
TT_OESOPHAGUS	CVCL_3174
TT_THYROID	CVCL_1774
TUHR10TKB_KIDNEY	CVCL_5952
TUHR14TKB_KIDNEY	CVCL_5953
TUHR4TKB_KIDNEY	CVCL_5957
TUR_HAEMATOPOIETIC_AND_LYMPHOID_TISSUE	CVCL_1775
TYKNU_OVARY	CVCL_1776
U118MG_CENTRAL_NERVOUS_SYSTEM	CVCL_0633
U138MG_CENTRAL_NERVOUS_SYSTEM	CVCL_0020
U178_CENTRAL_NERVOUS_SYSTEM	CVCL_A758
U251MG_CENTRAL_NERVOUS_SYSTEM	CVCL_0021
U266B1_HAEMATOPOIETIC_AND_LYMPHOID_TISSUE	CVCL_0566
U2OS_BONE	CVCL_0042
U343_CENTRAL_NERVOUS_SYSTEM	CVCL_4773
U698M_HAEMATOPOIETIC_AND_LYMPHOID_TISSUE	CVCL_0017
U87MG_CENTRAL_NERVOUS_SYSTEM	CVCL_0022
U937_HAEMATOPOIETIC_AND_LYMPHOID_TISSUE	CVCL_0007
UACC257_SKIN	CVCL_1779
UACC62_SKIN	CVCL_1780
UACC812_BREAST	CVCL_1781
UACC893_BREAST	CVCL_1782
UBLC1_URINARY_TRACT	CVCL_2738
UCH2_BONE	CVCL_4989
UDSCC2_UPPER_AERODIGESTIVE_TRACT	CVCL_E325
UMC11_LUNG	CVCL_1784
UMRC2_KIDNEY	CVCL_2739
UMUC1_URINARY_TRACT	CVCL_2743
UMUC3_URINARY_TRACT	CVCL_1783
UO31_KIDNEY	CVCL_1911
UOK101_KIDNEY	CVCL_B076
UT7_HAEMATOPOIETIC_AND_LYMPHOID_TISSUE	CVCL_2233
UWB1289_OVARY	CVCL_B079
VAESBJ_SOFT_TISSUE	CVCL_1785
VAL_HAEMATOPOIETIC_AND_LYMPHOID_TISSUE	CVCL_1819
VCAP_PROSTATE	CVCL_2235
VMCUB1_URINARY_TRACT	CVCL_1786
VMRCLCD_LUNG	CVCL_1787
VMRCLCP_LUNG	CVCL_1788
VMRCMELG_SKIN	CVCL_1789
VMRCRCW_KIDNEY	CVCL_1790
VMRCRCZ_KIDNEY	CVCL_1791
WIL2NS_HAEMATOPOIETIC_AND_LYMPHOID_TISSUE	CVCL_2761
WM115_SKIN	CVCL_0040
WM1552C_SKIN	CVCL_6472
WM1799_SKIN	CVCL_A341
WM2664_SKIN	CVCL_2765
WM278_SKIN	CVCL_6473
WM35_SKIN	CVCL_0580
WM793_SKIN	CVCL_8787
WM88_SKIN	CVCL_6805
WM983B_SKIN	CVCL_6809
WSUDLCL2_HAEMATOPOIETIC_AND_LYMPHOID_TISSUE	CVCL_1902
WSUNHL_HAEMATOPOIETIC_AND_LYMPHOID_TISSUE	CVCL_1793
YAPC_PANCREAS	CVCL_1794
YD10B_UPPER_AERODIGESTIVE_TRACT	CVCL_8929
YD15_SALIVARY_GLAND	CVCL_8930
YD38_UPPER_AERODIGESTIVE_TRACT	CVCL_L083
YD8_UPPER_AERODIGESTIVE_TRACT	CVCL_L079
YH13_CENTRAL_NERVOUS_SYSTEM	CVCL_1795
YKG1_CENTRAL_NERVOUS_SYSTEM	CVCL_1796
YMB1E_BREAST	CVCL_2815
YMB1_BREAST	CVCL_2814
YT_HAEMATOPOIETIC_AND_LYMPHOID_TISSUE	CVCL_1797
ZR751_BREAST	CVCL_0588
ZR7530_BREAST	CVCL_1661
