ccle	depmap
1321N1_CENTRAL_NERVOUS_SYSTEM	ACH-001000
143B_BONE	ACH-001001
201T_LUNG	ACH-002089
22RV1_PROSTATE	ACH-000956
2313287_STOMACH	ACH-000948
253JBV_URINARY_TRACT	ACH-000026
253J_URINARY_TRACT	ACH-000011
42MGBA_CENTRAL_NERVOUS_SYSTEM	ACH-000323
451LU_SKIN	ACH-001002
5637_URINARY_TRACT	ACH-000905
59M_OVARY	ACH-000520
639V_URINARY_TRACT	ACH-000973
647V_URINARY_TRACT	ACH-000896
697_HAEMATOPOIETIC_AND_LYMPHOID_TISSUE	ACH-000070
769P_KIDNEY	ACH-000411
786O_KIDNEY	ACH-000649
8305C_THYROID	ACH-001306
8505C_THYROID	ACH-001307
8MGBA_CENTRAL_NERVOUS_SYSTEM	ACH-000137
A101D_SKIN	ACH-000008
A1207_CENTRAL_NERVOUS_SYSTEM	ACH-000283
A172_CENTRAL_NERVOUS_SYSTEM	ACH-000558
A204_SOFT_TISSUE	ACH-000201
A2058_SKIN	ACH-000788
A253_SALIVARY_GLAND	ACH-000740
A2780_OVARY	ACH-000657
A375_SKIN	ACH-000219
A388_SKIN	ACH-001442
A3KAW_HAEMATOPOIETIC_AND_LYMPHOID_TISSUE	ACH-000697
A427_LUNG	ACH-000757
A431_SKIN	ACH-001328
A498_KIDNEY	ACH-000555
A4FUK_HAEMATOPOIETIC_AND_LYMPHOID_TISSUE	ACH-000157
A549_LUNG	ACH-000681
A673_BONE	ACH-000052
A704_KIDNEY	ACH-000429
ABC1_LUNG	ACH-000528
ACCMESO1_PLEURA	ACH-000086
ACCS_URINARY_TRACT	ACH-001011
ACHN_KIDNEY	ACH-000046
AGS_STOMACH	ACH-000880
ALLPO_HAEMATOPOIETIC_AND_LYMPHOID_TISSUE	ACH-002209
ALLSIL_HAEMATOPOIETIC_AND_LYMPHOID_TISSUE	ACH-000105
AM38_CENTRAL_NERVOUS_SYSTEM	ACH-000269
AML193_HAEMATOPOIETIC_AND_LYMPHOID_TISSUE	ACH-000557
AMO1_HAEMATOPOIETIC_AND_LYMPHOID_TISSUE	ACH-000838
AN3CA_ENDOMETRIUM	ACH-000940
ARH77_HAEMATOPOIETIC_AND_LYMPHOID_TISSUE	ACH-002210
ASH3_THYROID	ACH-001443
ASPC1_PANCREAS	ACH-000222
ATN1_HAEMATOPOIETIC_AND_LYMPHOID_TISSUE	ACH-002058
AU565_BREAST	ACH-000248
AZ521_SMALL_INTESTINE	ACH-001015
BALL1_HAEMATOPOIETIC_AND_LYMPHOID_TISSUE	ACH-002211
BB30HNC_UPPER_AERODIGESTIVE_TRACT	ACH-002212
BB49HNC_UPPER_AERODIGESTIVE_TRACT	ACH-002213
BB65RCC_KIDNEY	ACH-002090
BC1_HAEMATOPOIETIC_AND_LYMPHOID_TISSUE	ACH-002214
BC3C_URINARY_TRACT	ACH-000593
BC3_HAEMATOPOIETIC_AND_LYMPHOID_TISSUE	ACH-002215
BCP1_HAEMATOPOIETIC_AND_LYMPHOID_TISSUE	ACH-000923
BCPAP_THYROID	ACH-000456
BDCM_HAEMATOPOIETIC_AND_LYMPHOID_TISSUE	ACH-000080
BE13_HAEMATOPOIETIC_AND_LYMPHOID_TISSUE	ACH-002216
BE2M17_AUTONOMIC_GANGLIA	ACH-002217
BECKER_CENTRAL_NERVOUS_SYSTEM	ACH-001016
BEN_LUNG	ACH-000603
BFTC905_URINARY_TRACT	ACH-000802
BFTC909_KIDNEY	ACH-000792
BGC823_STOMACH	ACH-001017
BHT101_THYROID	ACH-000191
BHY_UPPER_AERODIGESTIVE_TRACT	ACH-000548
BICR10_UPPER_AERODIGESTIVE_TRACT	ACH-001331
BICR16_UPPER_AERODIGESTIVE_TRACT	ACH-000503
BICR18_UPPER_AERODIGESTIVE_TRACT	ACH-000992
BICR22_UPPER_AERODIGESTIVE_TRACT	ACH-000794
BICR31_UPPER_AERODIGESTIVE_TRACT	ACH-000228
BICR56_UPPER_AERODIGESTIVE_TRACT	ACH-000771
BICR6_UPPER_AERODIGESTIVE_TRACT	ACH-000415
BICR78_UPPER_AERODIGESTIVE_TRACT	ACH-001332
BJHTERT_SKIN	ACH-001018
BL41_HAEMATOPOIETIC_AND_LYMPHOID_TISSUE	ACH-000245
BL70_HAEMATOPOIETIC_AND_LYMPHOID_TISSUE	ACH-000402
BONNA12_HAEMATOPOIETIC_AND_LYMPHOID_TISSUE	ACH-001452
BPH1_PROSTATE	ACH-001453
BT12_SOFT_TISSUE	ACH-000160
BT16_SOFT_TISSUE	ACH-001020
BT20_BREAST	ACH-000536
BT474_BREAST	ACH-000927
BT483_BREAST	ACH-000818
BT549_BREAST	ACH-000288
BV173_HAEMATOPOIETIC_AND_LYMPHOID_TISSUE	ACH-000432
BXPC3_PANCREAS	ACH-000535
C2BBE1_LARGE_INTESTINE	ACH-000009
C32_SKIN	ACH-000580
C33A_CERVIX	ACH-001333
C3A_LIVER	ACH-001021
C4I_CERVIX	ACH-001334
C8166_HAEMATOPOIETIC_AND_LYMPHOID_TISSUE	ACH-000206
CA46_HAEMATOPOIETIC_AND_LYMPHOID_TISSUE	ACH-000440
CA922_UPPER_AERODIGESTIVE_TRACT	ACH-002043
CACO2_LARGE_INTESTINE	ACH-000003
CADOES1_BONE	ACH-000210
CAKI1_KIDNEY	ACH-000433
CAKI2_KIDNEY	ACH-000234
CAL120_BREAST	ACH-000212
CAL12T_LUNG	ACH-000826
CAL148_BREAST	ACH-000902
CAL27_UPPER_AERODIGESTIVE_TRACT	ACH-000832
CAL29_URINARY_TRACT	ACH-000142
CAL33_UPPER_AERODIGESTIVE_TRACT	ACH-000518
CAL39_VULVA	ACH-002091
CAL51_BREAST	ACH-000856
CAL54_KIDNEY	ACH-000457
CAL62_THYROID	ACH-000174
CAL72_BONE	ACH-001715
CAL78_BONE	ACH-000516
CAL851_BREAST	ACH-000857
CALU1_LUNG	ACH-000511
CALU3_LUNG	ACH-000392
CALU6_LUNG	ACH-000264
CAMA1_BREAST	ACH-000783
CAOV3_OVARY	ACH-000713
CAOV4_OVARY	ACH-000103
CAPAN1_PANCREAS	ACH-000354
CAPAN2_PANCREAS	ACH-000107
CAR1_LARGE_INTESTINE	ACH-002345
CAS1_CENTRAL_NERVOUS_SYSTEM	ACH-000464
CASKI_CERVIX	ACH-001336
CCFSTTG1_CENTRAL_NERVOUS_SYSTEM	ACH-000329
CCK81_LARGE_INTESTINE	ACH-000963
CCRFCEM_HAEMATOPOIETIC_AND_LYMPHOID_TISSUE	ACH-001738
CESS_HAEMATOPOIETIC_AND_LYMPHOID_TISSUE	ACH-002218
CFPAC1_PANCREAS	ACH-000138
CGTHW1_THYROID	ACH-001023
CH157MN_CENTRAL_NERVOUS_SYSTEM	ACH-000025
CHAGOK1_LUNG	ACH-000867
CHL1_SKIN	ACH-001024
CHP126_AUTONOMIC_GANGLIA	ACH-000136
CHP134_AUTONOMIC_GANGLIA	ACH-001338
CHP212_AUTONOMIC_GANGLIA	ACH-000120
CHSA0011_BONE	ACH-002092
CHSA0108_BONE	ACH-002093
CHSA8926_BONE	ACH-002094
CI1_HAEMATOPOIETIC_AND_LYMPHOID_TISSUE	ACH-000687
CJM_SKIN	ACH-000458
CL11_LARGE_INTESTINE	ACH-000249
CL14_LARGE_INTESTINE	ACH-000342
CL34_LARGE_INTESTINE	ACH-000895
CL40_LARGE_INTESTINE	ACH-000798
CMK115_HAEMATOPOIETIC_AND_LYMPHOID_TISSUE	ACH-001036
CMK86_HAEMATOPOIETIC_AND_LYMPHOID_TISSUE	ACH-001037
CMK_HAEMATOPOIETIC_AND_LYMPHOID_TISSUE	ACH-000641
CMLT1_HAEMATOPOIETIC_AND_LYMPHOID_TISSUE	ACH-000920
COLO201_LARGE_INTESTINE	ACH-000253
COLO205_LARGE_INTESTINE	ACH-001039
COLO320_LARGE_INTESTINE	ACH-000202
COLO668_LUNG	ACH-000803
COLO678_LARGE_INTESTINE	ACH-000350
COLO679_SKIN	ACH-000805
COLO680N_OESOPHAGUS	ACH-000717
COLO684_ENDOMETRIUM	ACH-000864
COLO699_LUNG	ACH-001041
COLO704_OVARY	ACH-001042
COLO741_SKIN	ACH-000582
COLO775_HAEMATOPOIETIC_AND_LYMPHOID_TISSUE	ACH-001043
COLO783_SKIN	ACH-000812
COLO792_SKIN	ACH-000968
COLO800_SKIN	ACH-000401
COLO818_SKIN	ACH-001044
COLO824_BREAST	ACH-001820
COLO829_SKIN	ACH-000644
COLO849_SKIN	ACH-001045
CORL105_LUNG	ACH-000161
CORL23_LUNG	ACH-000662
CORL24_LUNG	ACH-000382
CORL279_LUNG	ACH-000257
CORL303_LUNG	ACH-002095
CORL311_LUNG	ACH-000187
CORL321_PLEURA	ACH-001490
CORL32_LUNG	ACH-001489
CORL47_LUNG	ACH-000695
CORL51_LUNG	ACH-001047
CORL88_LUNG	ACH-000508
CORL95_LUNG	ACH-000743
COV318_OVARY	ACH-000256
COV362_OVARY	ACH-000278
COV434_OVARY	ACH-000123
COV504_OVARY	ACH-001048
COV644_OVARY	ACH-000608
CP50MELB_SKIN	ACH-002096
CP66MEL_SKIN	ACH-002097
CP67MEL_SKIN	ACH-002098
CPCN_LUNG	ACH-001049
CROAP2_HAEMATOPOIETIC_AND_LYMPHOID_TISSUE	ACH-002220
CS1_BONE	ACH-002099
CTB1_HAEMATOPOIETIC_AND_LYMPHOID_TISSUE	ACH-002221
CTV1_HAEMATOPOIETIC_AND_LYMPHOID_TISSUE	ACH-002222
CW2_LARGE_INTESTINE	ACH-000998
CW9019_SOFT_TISSUE	ACH-001050
D245MG_CENTRAL_NERVOUS_SYSTEM	ACH-002223
D247MG_CENTRAL_NERVOUS_SYSTEM	ACH-002224
D263MG_CENTRAL_NERVOUS_SYSTEM	ACH-002225
D283MED_CENTRAL_NERVOUS_SYSTEM	ACH-000055
D336MG_CENTRAL_NERVOUS_SYSTEM	ACH-002226
D341MED_CENTRAL_NERVOUS_SYSTEM	ACH-000095
D384_CENTRAL_NERVOUS_SYSTEM	ACH-001052
D392MG_CENTRAL_NERVOUS_SYSTEM	ACH-002227
D423MG_CENTRAL_NERVOUS_SYSTEM	ACH-002228
D425_CENTRAL_NERVOUS_SYSTEM	ACH-001053
D458_CENTRAL_NERVOUS_SYSTEM	ACH-001054
D502MG_CENTRAL_NERVOUS_SYSTEM	ACH-002229
D542MG_CENTRAL_NERVOUS_SYSTEM	ACH-002230
D556_CENTRAL_NERVOUS_SYSTEM	ACH-001055
D566MG_CENTRAL_NERVOUS_SYSTEM	ACH-002231
DANG_PANCREAS	ACH-000243
DAOY_CENTRAL_NERVOUS_SYSTEM	ACH-000211
DAUDI_HAEMATOPOIETIC_AND_LYMPHOID_TISSUE	ACH-000786
DBTRG05MG_CENTRAL_NERVOUS_SYSTEM	ACH-000863
DB_HAEMATOPOIETIC_AND_LYMPHOID_TISSUE	ACH-000334
DEL_HAEMATOPOIETIC_AND_LYMPHOID_TISSUE	ACH-000233
DETROIT562_UPPER_AERODIGESTIVE_TRACT	ACH-000207
DFCI024_LUNG	ACH-001058
DG75_HAEMATOPOIETIC_AND_LYMPHOID_TISSUE	ACH-002232
DIFI_LARGE_INTESTINE	ACH-002233
DJM1_SKIN	ACH-002100
DKMG_CENTRAL_NERVOUS_SYSTEM	ACH-000244
DLD1_LARGE_INTESTINE	ACH-001061
DM3_FIBROBLAST	ACH-000742
DMS114_LUNG	ACH-000530
DMS153_LUNG	ACH-000594
DMS273_LUNG	ACH-000749
DMS454_LUNG	ACH-000844
DMS53_LUNG	ACH-000698
DMS79_LUNG	ACH-000703
DND41_HAEMATOPOIETIC_AND_LYMPHOID_TISSUE	ACH-000981
DOHH2_HAEMATOPOIETIC_AND_LYMPHOID_TISSUE	ACH-000056
DOK_UPPER_AERODIGESTIVE_TRACT	ACH-002234
DOTC24510_CERVIX	ACH-001341
DOV13_OVARY	ACH-001063
DSH1_URINARY_TRACT	ACH-002235
DU145_PROSTATE	ACH-000979
DU4475_BREAST	ACH-000258
DV90_LUNG	ACH-000925
EB1_HAEMATOPOIETIC_AND_LYMPHOID_TISSUE	ACH-000877
EB2_HAEMATOPOIETIC_AND_LYMPHOID_TISSUE	ACH-001064
EB3_HAEMATOPOIETIC_AND_LYMPHOID_TISSUE	ACH-002236
EBC1_LUNG	ACH-000563
ECC10_STOMACH	ACH-000560
ECC12_STOMACH	ACH-000225
ECGI10_OESOPHAGUS	ACH-000305
EFE184_ENDOMETRIUM	ACH-000435
EFM192A_BREAST	ACH-000117
EFM19_BREAST	ACH-000330
EFO21_OVARY	ACH-000308
EFO27_OVARY	ACH-000936
EGI1_BILIARY_TRACT	ACH-001494
EHEB_HAEMATOPOIETIC_AND_LYMPHOID_TISSUE	ACH-000038
EJM_HAEMATOPOIETIC_AND_LYMPHOID_TISSUE	ACH-000821
EKVX_LUNG	ACH-000706
EM2_HAEMATOPOIETIC_AND_LYMPHOID_TISSUE	ACH-000295
EMCBAC1_LUNG	ACH-002101
EMCBAC2_LUNG	ACH-002102
EN_ENDOMETRIUM	ACH-000978
EOL1_HAEMATOPOIETIC_AND_LYMPHOID_TISSUE	ACH-000198
EPLC272H_LUNG	ACH-000585
ES1_BONE	ACH-002103
ES2_OVARY	ACH-000906
ES3_BONE	ACH-002104
ES4_BONE	ACH-002105
ES5_BONE	ACH-002106
ES6_BONE	ACH-002107
ES7_BONE	ACH-002108
ES8_BONE	ACH-002109
ESO26_OESOPHAGUS	ACH-001496
ESO51_OESOPHAGUS	ACH-001497
ESS1_ENDOMETRIUM	ACH-000913
ETK1_BILIARY_TRACT	ACH-002237
EVSAT_BREAST	ACH-001065
EW11_BONE	ACH-002111
EW12_BONE	ACH-002112
EW13_BONE	ACH-002113
EW16_BONE	ACH-002114
EW18_BONE	ACH-002115
EW1_BONE	ACH-002110
EW22_BONE	ACH-002116
EW24_BONE	ACH-002117
EW3_BONE	ACH-002118
EW7_BONE	ACH-002119
EW8_BONE	ACH-000499
EWS502_BONE	ACH-000279
F36P_HAEMATOPOIETIC_AND_LYMPHOID_TISSUE	ACH-000487
F5_CENTRAL_NERVOUS_SYSTEM	ACH-001067
FADU_UPPER_AERODIGESTIVE_TRACT	ACH-000846
FARAGE_HAEMATOPOIETIC_AND_LYMPHOID_TISSUE	ACH-001498
FLO1_OESOPHAGUS	ACH-001500
FTC133_THYROID	ACH-000903
FTC238_THYROID	ACH-000897
FU97_STOMACH	ACH-000633
FUOV1_OVARY	ACH-000574
G292CLONEA141B1_BONE	ACH-000082
G361_SKIN	ACH-000572
G401_SOFT_TISSUE	ACH-000096
G402_SOFT_TISSUE	ACH-000375
GA10_HAEMATOPOIETIC_AND_LYMPHOID_TISSUE	ACH-000162
GAK_SKIN	ACH-002120
GAMG_CENTRAL_NERVOUS_SYSTEM	ACH-000098
GB1_CENTRAL_NERVOUS_SYSTEM	ACH-000738
GCIY_STOMACH	ACH-000047
GCT_SOFT_TISSUE	ACH-000835
GDM1_HAEMATOPOIETIC_AND_LYMPHOID_TISSUE	ACH-000081
GEO_LARGE_INTESTINE	ACH-002394
GI1_CENTRAL_NERVOUS_SYSTEM	ACH-000756
GIMEN_AUTONOMIC_GANGLIA	ACH-001344
GLC82_LUNG	ACH-001071
GMEL_SKIN	ACH-002121
GMS10_CENTRAL_NERVOUS_SYSTEM	ACH-000102
GOS3_CENTRAL_NERVOUS_SYSTEM	ACH-000027
GOTO_AUTONOMIC_GANGLIA	ACH-001716
GP2D_LARGE_INTESTINE	ACH-000982
GP5D_LARGE_INTESTINE	ACH-001345
GRANTA519_HAEMATOPOIETIC_AND_LYMPHOID_TISSUE	ACH-000073
GRM_SKIN	ACH-001072
GRST_HAEMATOPOIETIC_AND_LYMPHOID_TISSUE	ACH-002238
GSS_STOMACH	ACH-000746
GSU_STOMACH	ACH-000485
GT3TKB_STOMACH	ACH-002122
H2369_PLEURA	ACH-002123
H290_PLEURA	ACH-002136
H3118_UPPER_AERODIGESTIVE_TRACT	ACH-002239
H4_CENTRAL_NERVOUS_SYSTEM	ACH-000389
H9_HAEMATOPOIETIC_AND_LYMPHOID_TISSUE	ACH-002240
HA7RCC_KIDNEY	ACH-002139
HAL01_HAEMATOPOIETIC_AND_LYMPHOID_TISSUE	ACH-002241
HARA_LUNG	ACH-000843
HC1_HAEMATOPOIETIC_AND_LYMPHOID_TISSUE	ACH-002242
HCC1143_BREAST	ACH-000374
HCC1171_LUNG	ACH-000578
HCC1187_BREAST	ACH-000111
HCC1195_LUNG	ACH-000868
HCC1359_LUNG	ACH-000901
HCC1395_BREAST	ACH-000699
HCC1419_BREAST	ACH-000277
HCC1428_BREAST	ACH-000352
HCC1438_LUNG	ACH-000891
HCC1500_BREAST	ACH-000349
HCC1569_BREAST	ACH-000930
HCC1588_LUNG	ACH-001078
HCC1599_BREAST	ACH-000196
HCC15_LUNG	ACH-000878
HCC1806_BREAST	ACH-000624
HCC1833_LUNG	ACH-000712
HCC1897_LUNG	ACH-001079
HCC1937_BREAST	ACH-000223
HCC1954_BREAST	ACH-000859
HCC202_BREAST	ACH-000725
HCC2108_LUNG	ACH-000314
HCC2157_BREAST	ACH-000691
HCC2218_BREAST	ACH-000755
HCC2279_LUNG	ACH-000731
HCC2429_LUNG	ACH-000143
HCC2450_LUNG	ACH-000975
HCC2814_LUNG	ACH-000690
HCC2935_LUNG	ACH-000150
HCC2998_LARGE_INTESTINE	ACH-001081
HCC33_LUNG	ACH-000515
HCC364_LUNG	ACH-000575
HCC366_LUNG	ACH-000840
HCC38_BREAST	ACH-000276
HCC4006_LUNG	ACH-000066
HCC44_LUNG	ACH-000667
HCC461_LUNG	ACH-000339
HCC515_LUNG	ACH-000872
HCC56_LARGE_INTESTINE	ACH-000467
HCC70_BREAST	ACH-000668
HCC78_LUNG	ACH-000562
HCC827GR5_LUNG	ACH-000029
HCC827_LUNG	ACH-000012
HCC95_LUNG	ACH-000454
HCE4_OESOPHAGUS	ACH-002243
HCT116_LARGE_INTESTINE	ACH-000971
HCT15_LARGE_INTESTINE	ACH-000997
HCT8_LARGE_INTESTINE	ACH-001084
HDLM2_HAEMATOPOIETIC_AND_LYMPHOID_TISSUE	ACH-000267
HDMYZ_HAEMATOPOIETIC_AND_LYMPHOID_TISSUE	ACH-000190
HDQP1_BREAST	ACH-000643
HEC108_ENDOMETRIUM	ACH-000990
HEC151_ENDOMETRIUM	ACH-000972
HEC1A_ENDOMETRIUM	ACH-000954
HEC1B_ENDOMETRIUM	ACH-000941
HEC1_ENDOMETRIUM	ACH-001517
HEC251_ENDOMETRIUM	ACH-000996
HEC265_ENDOMETRIUM	ACH-000946
HEC50B_ENDOMETRIUM	ACH-000831
HEC59_ENDOMETRIUM	ACH-000994
HEC6_ENDOMETRIUM	ACH-000984
HEKTE_KIDNEY	ACH-000049
HEL9217_HAEMATOPOIETIC_AND_LYMPHOID_TISSUE	ACH-000005
HELA_CERVIX	ACH-001086
HEL_HAEMATOPOIETIC_AND_LYMPHOID_TISSUE	ACH-000004
HEMCSS_BONE	ACH-001519
HEP3B217_LIVER	ACH-000625
HEPG2_LIVER	ACH-000739
HEYA8_OVARY	ACH-000542
HEY_OVARY	ACH-002140
HGC27_STOMACH	ACH-000847
HH_HAEMATOPOIETIC_AND_LYMPHOID_TISSUE	ACH-000061
HK2_KIDNEY	ACH-001087
HL60_HAEMATOPOIETIC_AND_LYMPHOID_TISSUE	ACH-000002
HLC1_LUNG	ACH-001088
HLE_LIVER	ACH-001089
HLFA_FIBROBLAST	ACH-000797
HLF_LIVER	ACH-000393
HMC18_BREAST	ACH-000721
HMCB_SKIN	ACH-000931
HMEL_BREAST	ACH-000642
HMVII_SKIN	ACH-002040
HNT34_HAEMATOPOIETIC_AND_LYMPHOID_TISSUE	ACH-000299
HN_UPPER_AERODIGESTIVE_TRACT	ACH-001090
HO1N1_UPPER_AERODIGESTIVE_TRACT	ACH-002244
HO1U1_UPPER_AERODIGESTIVE_TRACT	ACH-002045
HOP62_LUNG	ACH-000861
HOP92_LUNG	ACH-000825
HOS_BONE	ACH-000613
HPAC_PANCREAS	ACH-000270
HPAFII_PANCREAS	ACH-000094
HPBALL_HAEMATOPOIETIC_AND_LYMPHOID_TISSUE	ACH-000942
HRT18_LARGE_INTESTINE	ACH-001091
HS172T_FIBROBLAST	ACH-000088
HS229T_FIBROBLAST	ACH-000131
HS255T_FIBROBLAST	ACH-000199
HS274T_FIBROBLAST	ACH-000134
HS281T_FIBROBLAST	ACH-000083
HS294T_SKIN	ACH-000014
HS343T_FIBROBLAST	ACH-000184
HS445_HAEMATOPOIETIC_AND_LYMPHOID_TISSUE	ACH-002245
HS571T_OVARY	ACH-001092
HS578T_BREAST	ACH-000148
HS600T_FIBROBLAST	ACH-000240
HS604T_FIBROBLAST	ACH-001093
HS606T_FIBROBLAST	ACH-000540
HS611T_HAEMATOPOIETIC_AND_LYMPHOID_TISSUE	ACH-000069
HS616T_FIBROBLAST	ACH-000063
HS618T_FIBROBLAST	ACH-000539
HS633T_SOFT_TISSUE	ACH-002246
HS675T_FIBROBLAST	ACH-000214
HS683_CENTRAL_NERVOUS_SYSTEM	ACH-000067
HS688AT_FIBROBLAST	ACH-000306
HS695T_SKIN	ACH-000799
HS698T_FIBROBLAST	ACH-000850
HS706T_BONE	ACH-000071
HS729_SOFT_TISSUE	ACH-000133
HS737T_FIBROBLAST	ACH-000185
HS739T_FIBROBLAST	ACH-000413
HS742T_FIBROBLAST	ACH-000230
HS746T_STOMACH	ACH-000616
HS751T_FIBROBLAST	ACH-000165
HS766T_PANCREAS	ACH-000178
HS819T_FIBROBLAST	ACH-000224
HS821T_FIBROBLAST	ACH-000526
HS822T_FIBROBLAST	ACH-000229
HS834T_FIBROBLAST	ACH-000275
HS839T_FIBROBLAST	ACH-000180
HS840T_FIBROBLAST	ACH-000284
HS852T_SKIN	ACH-000274
HS863T_FIBROBLAST	ACH-000119
HS870T_FIBROBLAST	ACH-000340
HS888T_FIBROBLAST	ACH-000154
HS895T_FIBROBLAST	ACH-000043
HS934T_FIBROBLAST	ACH-000194
HS936T_SKIN	ACH-000801
HS939T_SKIN	ACH-000814
HS940T_FIBROBLAST	ACH-000135
HS944T_SKIN	ACH-000632
HSC2_UPPER_AERODIGESTIVE_TRACT	ACH-000472
HSC39_STOMACH	ACH-002141
HSC3_UPPER_AERODIGESTIVE_TRACT	ACH-000778
HSC4_UPPER_AERODIGESTIVE_TRACT	ACH-000546
HT1080_SOFT_TISSUE	ACH-000054
HT115_LARGE_INTESTINE	ACH-000986
HT1197_URINARY_TRACT	ACH-000547
HT1376_URINARY_TRACT	ACH-000724
HT144_SKIN	ACH-000322
HT29_LARGE_INTESTINE	ACH-000552
HT3_CERVIX	ACH-001525
HT55_LARGE_INTESTINE	ACH-000926
HTCC3_THYROID	ACH-001350
HTK_HAEMATOPOIETIC_AND_LYMPHOID_TISSUE	ACH-001094
HT_HAEMATOPOIETIC_AND_LYMPHOID_TISSUE	ACH-000914
HUCCT1_BILIARY_TRACT	ACH-000976
HUG1N_STOMACH	ACH-000239
HUH1_LIVER	ACH-000475
HUH28_BILIARY_TRACT	ACH-000808
HUH6_LIVER	ACH-000671
HUH7_LIVER	ACH-000480
HUNS1_HAEMATOPOIETIC_AND_LYMPHOID_TISSUE	ACH-000829
HUO3N1_BONE	ACH-002142
HUO9_BONE	ACH-001526
HUPT3_PANCREAS	ACH-000118
HUPT4_PANCREAS	ACH-000213
HUT102_HAEMATOPOIETIC_AND_LYMPHOID_TISSUE	ACH-000612
HUT78_HAEMATOPOIETIC_AND_LYMPHOID_TISSUE	ACH-000509
HUTU80_SMALL_INTESTINE	ACH-000538
IALM_LUNG	ACH-000672
IGR1_SKIN	ACH-000882
IGR37_SKIN	ACH-000650
IGR39_SKIN	ACH-000550
IGROV1_OVARY	ACH-000966
IHH4_THYROID	ACH-001528
IM95_STOMACH	ACH-000919
IM9_HAEMATOPOIETIC_AND_LYMPHOID_TISSUE	ACH-002247
IMR32_AUTONOMIC_GANGLIA	ACH-000310
IMR5_AUTONOMIC_GANGLIA	ACH-002248
INA6_HAEMATOPOIETIC_AND_LYMPHOID_TISSUE	ACH-000512
IOMMLEE_CENTRAL_NERVOUS_SYSTEM	ACH-000629
IPC298_SKIN	ACH-000915
ISHIKAWAHERAKLIO02ER_ENDOMETRIUM	ACH-000961
ISTMEL1_SKIN	ACH-002143
ISTMES1_PLEURA	ACH-000569
ISTMES2_PLEURA	ACH-000331
ISTSL1_LUNG	ACH-002144
ISTSL2_LUNG	ACH-002145
J82_URINARY_TRACT	ACH-000396
JAR_PLACENTA	ACH-001529
JEG3_PLACENTA	ACH-001530
JEKO1_HAEMATOPOIETIC_AND_LYMPHOID_TISSUE	ACH-000357
JHESOAD1_OESOPHAGUS	ACH-000216
JHH1_LIVER	ACH-000620
JHH2_LIVER	ACH-000577
JHH4_LIVER	ACH-000476
JHH5_LIVER	ACH-000734
JHH6_LIVER	ACH-000217
JHH7_LIVER	ACH-000848
JHOC5_OVARY	ACH-000324
JHOM1_OVARY	ACH-000237
JHOM2B_OVARY	ACH-000333
JHOS2_OVARY	ACH-000132
JHOS3_OVARY	ACH-002146
JHOS4_OVARY	ACH-000584
JHU011_UPPER_AERODIGESTIVE_TRACT	ACH-002249
JHU022_UPPER_AERODIGESTIVE_TRACT	ACH-002250
JHU029_UPPER_AERODIGESTIVE_TRACT	ACH-002251
JHUEM1_ENDOMETRIUM	ACH-000928
JHUEM2_ENDOMETRIUM	ACH-000909
JHUEM3_ENDOMETRIUM	ACH-000173
JHUEM7_ENDOMETRIUM	ACH-000993
JIMT1_BREAST	ACH-000711
JIYOYEP2003_HAEMATOPOIETIC_AND_LYMPHOID_TISSUE	ACH-002252
JJN3_HAEMATOPOIETIC_AND_LYMPHOID_TISSUE	ACH-000653
JK1_HAEMATOPOIETIC_AND_LYMPHOID_TISSUE	ACH-000241
JL1_PLEURA	ACH-000645
JM1_HAEMATOPOIETIC_AND_LYMPHOID_TISSUE	ACH-000151
JMSU1_URINARY_TRACT	ACH-000753
JR_SOFT_TISSUE	ACH-001096
JSC1_HAEMATOPOIETIC_AND_LYMPHOID_TISSUE	ACH-002253
JURKAT_HAEMATOPOIETIC_AND_LYMPHOID_TISSUE	ACH-000995
JURLMK1_HAEMATOPOIETIC_AND_LYMPHOID_TISSUE	ACH-000326
JVM2_HAEMATOPOIETIC_AND_LYMPHOID_TISSUE	ACH-000106
JVM3_HAEMATOPOIETIC_AND_LYMPHOID_TISSUE	ACH-000346
K029AX_SKIN	ACH-000404
K2_SKIN	ACH-002147
K562_HAEMATOPOIETIC_AND_LYMPHOID_TISSUE	ACH-000551
K5_THYROID	ACH-002148
KALS1_CENTRAL_NERVOUS_SYSTEM	ACH-000231
KARPAS1106P_HAEMATOPOIETIC_AND_LYMPHOID_TISSUE	ACH-002254
KARPAS231_HAEMATOPOIETIC_AND_LYMPHOID_TISSUE	ACH-002255
KARPAS299_HAEMATOPOIETIC_AND_LYMPHOID_TISSUE	ACH-000053
KARPAS422_HAEMATOPOIETIC_AND_LYMPHOID_TISSUE	ACH-000315
KARPAS45_HAEMATOPOIETIC_AND_LYMPHOID_TISSUE	ACH-002256
KARPAS620_HAEMATOPOIETIC_AND_LYMPHOID_TISSUE	ACH-000193
KASUMI1_HAEMATOPOIETIC_AND_LYMPHOID_TISSUE	ACH-000263
KASUMI2_HAEMATOPOIETIC_AND_LYMPHOID_TISSUE	ACH-000728
KASUMI6_HAEMATOPOIETIC_AND_LYMPHOID_TISSUE	ACH-000166
KATOIII_STOMACH	ACH-000793
KCIMOH1_PANCREAS	ACH-001098
KCL22_HAEMATOPOIETIC_AND_LYMPHOID_TISSUE	ACH-000983
KD_SOFT_TISSUE	ACH-001099
KE37_HAEMATOPOIETIC_AND_LYMPHOID_TISSUE	ACH-000101
KE39_STOMACH	ACH-000507
KE97_HAEMATOPOIETIC_AND_LYMPHOID_TISSUE	ACH-000167
KELLY_AUTONOMIC_GANGLIA	ACH-000259
KG1C_CENTRAL_NERVOUS_SYSTEM	ACH-000126
KG1_HAEMATOPOIETIC_AND_LYMPHOID_TISSUE	ACH-000386
KGN_OVARY	ACH-002149
KHM1B_HAEMATOPOIETIC_AND_LYMPHOID_TISSUE	ACH-000564
KIJK_HAEMATOPOIETIC_AND_LYMPHOID_TISSUE	ACH-000773
KINGS1_CENTRAL_NERVOUS_SYSTEM	ACH-002257
KLE_ENDOMETRIUM	ACH-000293
KLM1_PANCREAS	ACH-001101
KM12_LARGE_INTESTINE	ACH-000969
KMBC2_URINARY_TRACT	ACH-000862
KMH2_HAEMATOPOIETIC_AND_LYMPHOID_TISSUE	ACH-000815
KMH2_THYROID	ACH-002397
KMM1_HAEMATOPOIETIC_AND_LYMPHOID_TISSUE	ACH-000889
KMOE2_HAEMATOPOIETIC_AND_LYMPHOID_TISSUE	ACH-002258
KMRC1_KIDNEY	ACH-000684
KMRC20_KIDNEY	ACH-000250
KMRC2_KIDNEY	ACH-000709
KMRC3_KIDNEY	ACH-000313
KMS11_HAEMATOPOIETIC_AND_LYMPHOID_TISSUE	ACH-000714
KMS12BM_HAEMATOPOIETIC_AND_LYMPHOID_TISSUE	ACH-000380
KMS18_HAEMATOPOIETIC_AND_LYMPHOID_TISSUE	ACH-000658
KMS20_HAEMATOPOIETIC_AND_LYMPHOID_TISSUE	ACH-000426
KMS21BM_HAEMATOPOIETIC_AND_LYMPHOID_TISSUE	ACH-000598
KMS26_HAEMATOPOIETIC_AND_LYMPHOID_TISSUE	ACH-000588
KMS27_HAEMATOPOIETIC_AND_LYMPHOID_TISSUE	ACH-000576
KMS28BM_HAEMATOPOIETIC_AND_LYMPHOID_TISSUE	ACH-000419
KMS34_HAEMATOPOIETIC_AND_LYMPHOID_TISSUE	ACH-000541
KNS42_CENTRAL_NERVOUS_SYSTEM	ACH-000622
KNS60_CENTRAL_NERVOUS_SYSTEM	ACH-000445
KNS62_LUNG	ACH-000858
KNS81FD_CENTRAL_NERVOUS_SYSTEM	ACH-002259
KNS81_CENTRAL_NERVOUS_SYSTEM	ACH-000479
KO52_HAEMATOPOIETIC_AND_LYMPHOID_TISSUE	ACH-000498
KON_UPPER_AERODIGESTIVE_TRACT	ACH-001542
KOPN8_HAEMATOPOIETIC_AND_LYMPHOID_TISSUE	ACH-001106
KOSC2_UPPER_AERODIGESTIVE_TRACT	ACH-002260
KP1NL_PANCREAS	ACH-001108
KP1N_PANCREAS	ACH-001107
KP2_PANCREAS	ACH-000281
KP3_PANCREAS	ACH-000108
KP4_PANCREAS	ACH-000265
KPL1_BREAST	ACH-000028
KPMRTRY_SOFT_TISSUE	ACH-001109
KPNRTBM1_AUTONOMIC_GANGLIA	ACH-000345
KPNSI9S_AUTONOMIC_GANGLIA	ACH-000446
KPNYN_AUTONOMIC_GANGLIA	ACH-000227
KPNYS_AUTONOMIC_GANGLIA	ACH-002261
KS1_CENTRAL_NERVOUS_SYSTEM	ACH-000631
KU1919_URINARY_TRACT	ACH-000486
KU812_HAEMATOPOIETIC_AND_LYMPHOID_TISSUE	ACH-000074
KURAMOCHI_OVARY	ACH-000524
KY821_HAEMATOPOIETIC_AND_LYMPHOID_TISSUE	ACH-002262
KYAE1_OESOPHAGUS	ACH-001544
KYM1_SOFT_TISSUE	ACH-000607
KYO1_HAEMATOPOIETIC_AND_LYMPHOID_TISSUE	ACH-000604
KYSE140_OESOPHAGUS	ACH-000823
KYSE150_OESOPHAGUS	ACH-000855
KYSE180_OESOPHAGUS	ACH-000693
KYSE220_OESOPHAGUS	ACH-002263
KYSE270_OESOPHAGUS	ACH-000873
KYSE30_OESOPHAGUS	ACH-000777
KYSE410_OESOPHAGUS	ACH-000809
KYSE450_OESOPHAGUS	ACH-000865
KYSE50_OESOPHAGUS	ACH-002264
KYSE510_OESOPHAGUS	ACH-000824
KYSE520_OESOPHAGUS	ACH-000637
KYSE70_OESOPHAGUS	ACH-000784
L1236_HAEMATOPOIETIC_AND_LYMPHOID_TISSUE	ACH-000702
L33_PANCREAS	ACH-000685
L363_HAEMATOPOIETIC_AND_LYMPHOID_TISSUE	ACH-000183
L428_HAEMATOPOIETIC_AND_LYMPHOID_TISSUE	ACH-000754
L540_HAEMATOPOIETIC_AND_LYMPHOID_TISSUE	ACH-000806
LAMA84_HAEMATOPOIETIC_AND_LYMPHOID_TISSUE	ACH-000301
LAN6_AUTONOMIC_GANGLIA	ACH-001355
LB1047RCC_KIDNEY	ACH-002150
LB2241RCC_KIDNEY	ACH-002151
LB2518MEL_SKIN	ACH-002152
LB373MELD_SKIN	ACH-002153
LB647SCLC_LUNG	ACH-002154
LB771HNC_UPPER_AERODIGESTIVE_TRACT	ACH-002265
LB831BLC_URINARY_TRACT	ACH-002266
LB996RCC_KIDNEY	ACH-002155
LC1F_LUNG	ACH-000705
LC1SQSF_LUNG	ACH-001113
LC1SQ_LUNG	ACH-002156
LC2AD_LUNG	ACH-002157
LC41_HAEMATOPOIETIC_AND_LYMPHOID_TISSUE	ACH-002267
LCLC103H_LUNG	ACH-000627
LCLC97TM1_LUNG	ACH-000596
LI7_LIVER	ACH-000471
LIM1215_LARGE_INTESTINE	ACH-001546
LK2_LUNG	ACH-000769
LMSU_STOMACH	ACH-000255
LN18_CENTRAL_NERVOUS_SYSTEM	ACH-000819
LN215_CENTRAL_NERVOUS_SYSTEM	ACH-000328
LN229_CENTRAL_NERVOUS_SYSTEM	ACH-000595
LN235_CENTRAL_NERVOUS_SYSTEM	ACH-000591
LN319_CENTRAL_NERVOUS_SYSTEM	ACH-000128
LN340_CENTRAL_NERVOUS_SYSTEM	ACH-000634
LN382_CENTRAL_NERVOUS_SYSTEM	ACH-000215
LN405_CENTRAL_NERVOUS_SYSTEM	ACH-002268
LN428_CENTRAL_NERVOUS_SYSTEM	ACH-000455
LN443_CENTRAL_NERVOUS_SYSTEM	ACH-000673
LN464_CENTRAL_NERVOUS_SYSTEM	ACH-000676
LNCAPCLONEFGC_PROSTATE	ACH-000977
LNZ308_CENTRAL_NERVOUS_SYSTEM	ACH-000760
LNZTA3WT4_CENTRAL_NERVOUS_SYSTEM	ACH-002269
LOUCY_HAEMATOPOIETIC_AND_LYMPHOID_TISSUE	ACH-000104
LOUNH91_LUNG	ACH-000176
LOVO_LARGE_INTESTINE	ACH-000950
LOXIMVI_SKIN	ACH-000750
LP1_HAEMATOPOIETIC_AND_LYMPHOID_TISSUE	ACH-000204
LP6_SOFT_TISSUE	ACH-001116
LS1034_LARGE_INTESTINE	ACH-000252
LS123_LARGE_INTESTINE	ACH-000501
LS180_LARGE_INTESTINE	ACH-000957
LS411N_LARGE_INTESTINE	ACH-000985
LS513_LARGE_INTESTINE	ACH-000007
LU134A_LUNG	ACH-002051
LU135_LUNG	ACH-001549
LU139_LUNG	ACH-002052
LU165_LUNG	ACH-002077
LU65_LUNG	ACH-000438
LU99_LUNG	ACH-000444
LUDLU1_LUNG	ACH-000390
LXF289_LUNG	ACH-000787
M059J_CENTRAL_NERVOUS_SYSTEM	ACH-001118
M059K_CENTRAL_NERVOUS_SYSTEM	ACH-000152
M07E_HAEMATOPOIETIC_AND_LYMPHOID_TISSUE	ACH-000602
M14_SKIN	ACH-002159
MALME3M_SKIN	ACH-000477
MAVER1_HAEMATOPOIETIC_AND_LYMPHOID_TISSUE	ACH-002485
MB157_BREAST	ACH-001120
MC1010_HAEMATOPOIETIC_AND_LYMPHOID_TISSUE	ACH-002390
MC116_HAEMATOPOIETIC_AND_LYMPHOID_TISSUE	ACH-000583
MCAS_OVARY	ACH-000796
MCC13_SKIN	ACH-001550
MCC26_SKIN	ACH-001552
MCCAR_HAEMATOPOIETIC_AND_LYMPHOID_TISSUE	ACH-002270
MCF7_BREAST	ACH-000019
MCIXC_AUTONOMIC_GANGLIA	ACH-002160
MDAMB134VI_BREAST	ACH-000044
MDAMB157_BREAST	ACH-000621
MDAMB175VII_BREAST	ACH-000759
MDAMB231_BREAST	ACH-000768
MDAMB330_BREAST	ACH-001358
MDAMB361_BREAST	ACH-000934
MDAMB415_BREAST	ACH-000876
MDAMB435S_SKIN	ACH-000884
MDAMB436_BREAST	ACH-000573
MDAMB453_BREAST	ACH-000910
MDAMB468_BREAST	ACH-000849
MDAPCA2B_PROSTATE	ACH-000952
MDST8_LARGE_INTESTINE	ACH-000935
ME180_CERVIX	ACH-001359
ME1_HAEMATOPOIETIC_AND_LYMPHOID_TISSUE	ACH-000439
MEC1_HAEMATOPOIETIC_AND_LYMPHOID_TISSUE	ACH-000405
MEC2_HAEMATOPOIETIC_AND_LYMPHOID_TISSUE	ACH-001121
MEG01_HAEMATOPOIETIC_AND_LYMPHOID_TISSUE	ACH-000072
MEL202_EYE	ACH-001554
MEL285_EYE	ACH-002015
MELHO_SKIN	ACH-000450
MELJUSO_SKIN	ACH-000881
MESSA_SOFT_TISSUE	ACH-000449
MEWO_SKIN	ACH-000987
MFE280_ENDOMETRIUM	ACH-000192
MFE296_ENDOMETRIUM	ACH-000879
MFE319_ENDOMETRIUM	ACH-000988
MFHINO_SOFT_TISSUE	ACH-002271
MFM223_BREAST	ACH-001819
MG63_BONE	ACH-000359
MHHCALL2_HAEMATOPOIETIC_AND_LYMPHOID_TISSUE	ACH-000020
MHHCALL3_HAEMATOPOIETIC_AND_LYMPHOID_TISSUE	ACH-000032
MHHCALL4_HAEMATOPOIETIC_AND_LYMPHOID_TISSUE	ACH-000156
MHHES1_BONE	ACH-000391
MHHNB11_AUTONOMIC_GANGLIA	ACH-000078
MHHPREB1_HAEMATOPOIETIC_AND_LYMPHOID_TISSUE	ACH-002272
MIAPACA2_PANCREAS	ACH-000601
MINO_HAEMATOPOIETIC_AND_LYMPHOID_TISSUE	ACH-000220
MJ_HAEMATOPOIETIC_AND_LYMPHOID_TISSUE	ACH-000077
MKL1_SKIN	ACH-001122
MKL2_SKIN	ACH-001123
MKN1_STOMACH	ACH-000351
MKN28_STOMACH	ACH-002161
MKN45_STOMACH	ACH-000356
MKN74_STOMACH	ACH-000758
MKN7_STOMACH	ACH-000678
ML1_THYROID	ACH-000058
ML2_HAEMATOPOIETIC_AND_LYMPHOID_TISSUE	ACH-002273
MLMA_HAEMATOPOIETIC_AND_LYMPHOID_TISSUE	ACH-002274
MM1S_HAEMATOPOIETIC_AND_LYMPHOID_TISSUE	ACH-000763
MMACSF_SKIN	ACH-002162
MN60_HAEMATOPOIETIC_AND_LYMPHOID_TISSUE	ACH-002275
MOGGCCM_CENTRAL_NERVOUS_SYSTEM	ACH-001125
MOGGUVW_CENTRAL_NERVOUS_SYSTEM	ACH-001126
MOLM13_HAEMATOPOIETIC_AND_LYMPHOID_TISSUE	ACH-000362
MOLM16_HAEMATOPOIETIC_AND_LYMPHOID_TISSUE	ACH-000369
MOLM6_HAEMATOPOIETIC_AND_LYMPHOID_TISSUE	ACH-000321
MOLP2_HAEMATOPOIETIC_AND_LYMPHOID_TISSUE	ACH-000453
MOLP8_HAEMATOPOIETIC_AND_LYMPHOID_TISSUE	ACH-000745
MOLT13_HAEMATOPOIETIC_AND_LYMPHOID_TISSUE	ACH-000795
MOLT16_HAEMATOPOIETIC_AND_LYMPHOID_TISSUE	ACH-000918
MOLT3_HAEMATOPOIETIC_AND_LYMPHOID_TISSUE	ACH-000964
MOLT4_HAEMATOPOIETIC_AND_LYMPHOID_TISSUE	ACH-001127
MONOMAC1_HAEMATOPOIETIC_AND_LYMPHOID_TISSUE	ACH-001129
MONOMAC6_HAEMATOPOIETIC_AND_LYMPHOID_TISSUE	ACH-000006
MON_SOFT_TISSUE	ACH-001128
MORCPR_LUNG	ACH-000851
MOTN1_HAEMATOPOIETIC_AND_LYMPHOID_TISSUE	ACH-001130
MOT_HAEMATOPOIETIC_AND_LYMPHOID_TISSUE	ACH-002339
MPP89_PLEURA	ACH-000319
MRKNU1_BREAST	ACH-002163
MS1_LUNG	ACH-001958
MS751_CERVIX	ACH-001360
MSTO211H_PLEURA	ACH-000335
MUTZ3_HAEMATOPOIETIC_AND_LYMPHOID_TISSUE	ACH-000084
MUTZ5_HAEMATOPOIETIC_AND_LYMPHOID_TISSUE	ACH-000492
MV411_HAEMATOPOIETIC_AND_LYMPHOID_TISSUE	ACH-000045
MYM12_HAEMATOPOIETIC_AND_LYMPHOID_TISSUE	ACH-002276
MZ1PC_PANCREAS	ACH-002164
MZ2MEL_SKIN	ACH-002165
MZ7MEL_SKIN	ACH-002166
NALM19_HAEMATOPOIETIC_AND_LYMPHOID_TISSUE	ACH-000130
NALM1_HAEMATOPOIETIC_AND_LYMPHOID_TISSUE	ACH-000462
NALM6_HAEMATOPOIETIC_AND_LYMPHOID_TISSUE	ACH-000938
NAMALWA_HAEMATOPOIETIC_AND_LYMPHOID_TISSUE	ACH-000944
NB10_AUTONOMIC_GANGLIA	ACH-002278
NB12_AUTONOMIC_GANGLIA	ACH-002279
NB13_AUTONOMIC_GANGLIA	ACH-002280
NB14_AUTONOMIC_GANGLIA	ACH-002281
NB17_AUTONOMIC_GANGLIA	ACH-002282
NB1_AUTONOMIC_GANGLIA	ACH-000804
NB4_HAEMATOPOIETIC_AND_LYMPHOID_TISSUE	ACH-000294
NB5_AUTONOMIC_GANGLIA	ACH-002283
NB69_AUTONOMIC_GANGLIA	ACH-002083
NB6_AUTONOMIC_GANGLIA	ACH-002284
NB7_AUTONOMIC_GANGLIA	ACH-002285
NBSUSSR_AUTONOMIC_GANGLIA	ACH-002340
NBTU110_AUTONOMIC_GANGLIA	ACH-002277
NCC010_KIDNEY	ACH-002167
NCC021_KIDNEY	ACH-002168
NCCIT_TESTIS	ACH-001578
NCCSTCK140_STOMACH	ACH-000110
NCIH1048_LUNG	ACH-000866
NCIH1092_LUNG	ACH-000514
NCIH1105_LUNG	ACH-000780
NCIH1155_LUNG	ACH-000980
NCIH1184_LUNG	ACH-000523
NCIH128_LUNG	ACH-002286
NCIH1299_LUNG	ACH-000510
NCIH1304_LUNG	ACH-002169
NCIH1339_LUNG	ACH-000921
NCIH1341_LUNG	ACH-000129
NCIH1355_LUNG	ACH-000666
NCIH1373_LUNG	ACH-000845
NCIH1385_LUNG	ACH-000737
NCIH1395_LUNG	ACH-000327
NCIH1417_LUNG	ACH-001591
NCIH1435_LUNG	ACH-000852
NCIH1436_LUNG	ACH-000830
NCIH1437_LUNG	ACH-000589
NCIH146_LUNG	ACH-000506
NCIH1563_LUNG	ACH-000892
NCIH1568_LUNG	ACH-000869
NCIH1573_LUNG	ACH-000916
NCIH1581_LUNG	ACH-000015
NCIH1618_LUNG	ACH-000179
NCIH1623_LUNG	ACH-000744
NCIH1648_LUNG	ACH-000766
NCIH1650_LUNG	ACH-000035
NCIH1651_LUNG	ACH-000893
NCIH1666_LUNG	ACH-000448
NCIH1688_LUNG	ACH-002170
NCIH1693_LUNG	ACH-000021
NCIH1694_LUNG	ACH-000431
NCIH1703_LUNG	ACH-000747
NCIH1734_LUNG	ACH-000675
NCIH1755_LUNG	ACH-000282
NCIH1770_LUNG	ACH-001362
NCIH1781_LUNG	ACH-000379
NCIH1792_LUNG	ACH-000496
NCIH1793_LUNG	ACH-000888
NCIH1819_LUNG	ACH-000033
NCIH1836_LUNG	ACH-000559
NCIH1838_LUNG	ACH-000733
NCIH1869_LUNG	ACH-000894
NCIH1876_LUNG	ACH-000586
NCIH187_LUNG	ACH-001136
NCIH1915_LUNG	ACH-000434
NCIH1930_LUNG	ACH-000870
NCIH1944_LUNG	ACH-000414
NCIH1963_LUNG	ACH-000729
NCIH196_LUNG	ACH-000752
NCIH1975_LUNG	ACH-000587
NCIH1993_LUNG	ACH-001137
NCIH2004RT_SOFT_TISSUE	ACH-000533
NCIH2009_LUNG	ACH-000886
NCIH2023_LUNG	ACH-000781
NCIH2029_LUNG	ACH-000298
NCIH2030_LUNG	ACH-000521
NCIH2052_PLEURA	ACH-000153
NCIH2066_LUNG	ACH-000727
NCIH2073_LUNG	ACH-000590
NCIH2077_LUNG	ACH-000010
NCIH2081_LUNG	ACH-000394
NCIH2085_LUNG	ACH-000451
NCIH2087_LUNG	ACH-000841
NCIH209_LUNG	ACH-000290
NCIH2106_LUNG	ACH-000904
NCIH2110_LUNG	ACH-000929
NCIH211_LUNG	ACH-000639
NCIH2122_LUNG	ACH-000311
NCIH2126_LUNG	ACH-000785
NCIH2135_LUNG	ACH-001363
NCIH2141_LUNG	ACH-001138
NCIH2170_LUNG	ACH-000481
NCIH2171_LUNG	ACH-000525
NCIH2172_LUNG	ACH-000924
NCIH2196_LUNG	ACH-000399
NCIH2227_LUNG	ACH-000610
NCIH2228_LUNG	ACH-000447
NCIH226_LUNG	ACH-000367
NCIH2286_LUNG	ACH-000912
NCIH2291_LUNG	ACH-000718
NCIH2342_LUNG	ACH-000951
NCIH2347_LUNG	ACH-000875
NCIH2373_PLEURA	ACH-002124
NCIH23_LUNG	ACH-000900
NCIH2405_LUNG	ACH-000121
NCIH2444_LUNG	ACH-000186
NCIH2452_PLEURA	ACH-000092
NCIH2461_PLEURA	ACH-002125
NCIH250_LUNG	ACH-002171
NCIH2591_PLEURA	ACH-002126
NCIH2595_PLEURA	ACH-002127
NCIH2722_PLEURA	ACH-002128
NCIH2731_PLEURA	ACH-002129
NCIH2795_PLEURA	ACH-002130
NCIH2803_PLEURA	ACH-002131
NCIH2804_PLEURA	ACH-002132
NCIH2810_PLEURA	ACH-002133
NCIH2818_PLEURA	ACH-002134
NCIH2869_PLEURA	ACH-002135
NCIH2882_LUNG	ACH-000700
NCIH2887_LUNG	ACH-000251
NCIH28_PLEURA	ACH-000648
NCIH292_LUNG	ACH-001075
NCIH3122_LUNG	ACH-000337
NCIH322_LUNG	ACH-000837
NCIH3255_LUNG	ACH-000109
NCIH345_LUNG	ACH-001364
NCIH358_LUNG	ACH-000860
NCIH378_LUNG	ACH-002173
NCIH441_LUNG	ACH-000638
NCIH446_LUNG	ACH-000800
NCIH460_LUNG	ACH-000463
NCIH508_LARGE_INTESTINE	ACH-000360
NCIH510_LUNG	ACH-000871
NCIH513_PLEURA	ACH-002341
NCIH520_LUNG	ACH-000395
NCIH522_LUNG	ACH-000343
NCIH524_LUNG	ACH-000816
NCIH526_LUNG	ACH-000767
NCIH596_LUNG	ACH-000628
NCIH630_LARGE_INTESTINE	ACH-002287
NCIH647_LUNG	ACH-000378
NCIH64_LUNG	ACH-001599
NCIH650_LUNG	ACH-000945
NCIH660_PROSTATE	ACH-000177
NCIH661_LUNG	ACH-000853
NCIH684_LIVER	ACH-000089
NCIH69_LUNG	ACH-000358
NCIH716_LARGE_INTESTINE	ACH-000491
NCIH720_LUNG	ACH-002174
NCIH727_LUNG	ACH-000775
NCIH740_LUNG	ACH-002175
NCIH747_LARGE_INTESTINE	ACH-000403
NCIH748_LUNG	ACH-002176
NCIH810_LUNG	ACH-000789
NCIH82_LUNG	ACH-000355
NCIH835_LUNG	ACH-002177
NCIH838_LUNG	ACH-000416
NCIH841_LUNG	ACH-000292
NCIH847_LUNG	ACH-001365
NCIH854_LUNG	ACH-000710
NCIH889_LUNG	ACH-000297
NCIH929_HAEMATOPOIETIC_AND_LYMPHOID_TISSUE	ACH-000050
NCIN87_STOMACH	ACH-000427
NCO2_HAEMATOPOIETIC_AND_LYMPHOID_TISSUE	ACH-000076
NEC8_TESTIS	ACH-002288
NH12_AUTONOMIC_GANGLIA	ACH-001603
NH6_AUTONOMIC_GANGLIA	ACH-000203
NHAHTDD_CENTRAL_NERVOUS_SYSTEM	ACH-001142
NIHOVCAR3_OVARY	ACH-000001
NK92MI_HAEMATOPOIETIC_AND_LYMPHOID_TISSUE	ACH-002289
NKM1_HAEMATOPOIETIC_AND_LYMPHOID_TISSUE	ACH-002290
NMCG1_CENTRAL_NERVOUS_SYSTEM	ACH-000200
NO10_CENTRAL_NERVOUS_SYSTEM	ACH-001605
NO11_CENTRAL_NERVOUS_SYSTEM	ACH-001606
NOMO1_HAEMATOPOIETIC_AND_LYMPHOID_TISSUE	ACH-000168
NOS1_BONE	ACH-002067
NTERA2CLD1_TESTIS	ACH-002291
NUDHL1_HAEMATOPOIETIC_AND_LYMPHOID_TISSUE	ACH-000388
NUDUL1_HAEMATOPOIETIC_AND_LYMPHOID_TISSUE	ACH-000287
NUGC2_STOMACH	ACH-000761
NUGC3_STOMACH	ACH-000911
NUGC4_STOMACH	ACH-000674
NY_BONE	ACH-002178
OACM51_OESOPHAGUS	ACH-001368
OACP4C_OESOPHAGUS	ACH-002292
OAW28_OVARY	ACH-000116
OAW42_OVARY	ACH-000704
OC314_OVARY	ACH-000962
OC315_OVARY	ACH-001144
OC316_OVARY	ACH-001145
OCIAML2_HAEMATOPOIETIC_AND_LYMPHOID_TISSUE	ACH-000113
OCIAML3_HAEMATOPOIETIC_AND_LYMPHOID_TISSUE	ACH-000336
OCIAML5_HAEMATOPOIETIC_AND_LYMPHOID_TISSUE	ACH-000065
OCILY10_HAEMATOPOIETIC_AND_LYMPHOID_TISSUE	ACH-001146
OCILY19_HAEMATOPOIETIC_AND_LYMPHOID_TISSUE	ACH-000124
OCILY3_HAEMATOPOIETIC_AND_LYMPHOID_TISSUE	ACH-000158
OCILY7_HAEMATOPOIETIC_AND_LYMPHOID_TISSUE	ACH-001617
OCIM1_HAEMATOPOIETIC_AND_LYMPHOID_TISSUE	ACH-000751
OCIMY5_HAEMATOPOIETIC_AND_LYMPHOID_TISSUE	ACH-000854
OCIMY7_HAEMATOPOIETIC_AND_LYMPHOID_TISSUE	ACH-000436
OCUBM_BREAST	ACH-002179
OCUM1_STOMACH	ACH-000247
OE19_OESOPHAGUS	ACH-000679
OE21_OESOPHAGUS	ACH-000544
OE33_OESOPHAGUS	ACH-000383
OELE_OVARY	ACH-000494
OMC1_CERVIX	ACH-002180
OMM23_EYE	ACH-002318
ONCODG1_OVARY	ACH-000013
ONS76_CENTRAL_NERVOUS_SYSTEM	ACH-000776
OPM1_HAEMATOPOIETIC_AND_LYMPHOID_TISSUE	ACH-000057
OPM2_HAEMATOPOIETIC_AND_LYMPHOID_TISSUE	ACH-000024
OSC19_UPPER_AERODIGESTIVE_TRACT	ACH-001625
OSC20_UPPER_AERODIGESTIVE_TRACT	ACH-001626
OSRC2_KIDNEY	ACH-000159
OUMS23_LARGE_INTESTINE	ACH-000296
OUMS27_BONE	ACH-001150
OV17R_OVARY	ACH-001373
OV56_OVARY	ACH-000091
OV7_OVARY	ACH-000688
OV90_OVARY	ACH-000291
OVCA420_OVARY	ACH-002181
OVCA433_OVARY	ACH-002182
OVCAR4_OVARY	ACH-000617
OVCAR5_OVARY	ACH-001151
OVCAR8_OVARY	ACH-000696
OVISE_OVARY	ACH-000527
OVK18_OVARY	ACH-000947
OVKATE_OVARY	ACH-000443
OVMANA_OVARY	ACH-000646
OVMIU_OVARY	ACH-002183
OVSAHO_OVARY	ACH-000409
OVTOKO_OVARY	ACH-000663
P12ICHIKAWA_HAEMATOPOIETIC_AND_LYMPHOID_TISSUE	ACH-000372
P30OHK_HAEMATOPOIETIC_AND_LYMPHOID_TISSUE	ACH-002059
P31FUJ_HAEMATOPOIETIC_AND_LYMPHOID_TISSUE	ACH-000770
P32ISH_HAEMATOPOIETIC_AND_LYMPHOID_TISSUE	ACH-002293
P3HR1_HAEMATOPOIETIC_AND_LYMPHOID_TISSUE	ACH-000707
PA1_OVARY	ACH-001374
PANC0203_PANCREAS	ACH-000042
PANC0213_PANCREAS	ACH-000031
PANC0327_PANCREAS	ACH-000139
PANC0403_PANCREAS	ACH-000235
PANC0504_PANCREAS	ACH-000093
PANC0813_PANCREAS	ACH-000417
PANC1005_PANCREAS	ACH-000060
PANC1_PANCREAS	ACH-000164
PATU8902_PANCREAS	ACH-000599
PATU8988S_PANCREAS	ACH-000022
PATU8988T_PANCREAS	ACH-000023
PC14_LUNG	ACH-000030
PC3JPC3_LUNG	ACH-002184
PC3_PROSTATE	ACH-000090
PC9_LUNG	ACH-000779
PCI15A_UPPER_AERODIGESTIVE_TRACT	ACH-002294
PCI30_UPPER_AERODIGESTIVE_TRACT	ACH-002295
PCI38_UPPER_AERODIGESTIVE_TRACT	ACH-002296
PCI4B_UPPER_AERODIGESTIVE_TRACT	ACH-002297
PCI6A_UPPER_AERODIGESTIVE_TRACT	ACH-002298
PCM6_HAEMATOPOIETIC_AND_LYMPHOID_TISSUE	ACH-001162
PECAPJ15_UPPER_AERODIGESTIVE_TRACT	ACH-000619
PECAPJ34CLONEC12_UPPER_AERODIGESTIVE_TRACT	ACH-000606
PECAPJ41CLONED2_UPPER_AERODIGESTIVE_TRACT	ACH-000732
PECAPJ49_UPPER_AERODIGESTIVE_TRACT	ACH-000735
PEER_HAEMATOPOIETIC_AND_LYMPHOID_TISSUE	ACH-000519
PEO1_OVARY	ACH-001630
PETA_SKIN	ACH-001170
PF382_HAEMATOPOIETIC_AND_LYMPHOID_TISSUE	ACH-000937
PFEIFFER_HAEMATOPOIETIC_AND_LYMPHOID_TISSUE	ACH-000140
PFSK1_CENTRAL_NERVOUS_SYSTEM	ACH-001711
PK1_PANCREAS	ACH-000307
PK45H_PANCREAS	ACH-000468
PK59_PANCREAS	ACH-000205
PL18_PANCREAS	ACH-002185
PL21_HAEMATOPOIETIC_AND_LYMPHOID_TISSUE	ACH-000218
PL45_PANCREAS	ACH-001171
PL4_PANCREAS	ACH-002186
PLB985_HAEMATOPOIETIC_AND_LYMPHOID_TISSUE	ACH-000034
PLCPRF5_LIVER	ACH-001318
PRECLH_PROSTATE	ACH-000170
PSN1_PANCREAS	ACH-000320
PWR1E_PROSTATE	ACH-001383
QGP1_PANCREAS	ACH-000347
QIMRWIL_HAEMATOPOIETIC_AND_LYMPHOID_TISSUE	ACH-002299
RAJI_HAEMATOPOIETIC_AND_LYMPHOID_TISSUE	ACH-000654
RAMOS2G64C10_HAEMATOPOIETIC_AND_LYMPHOID_TISSUE	ACH-002300
RCC10RGB_KIDNEY	ACH-000189
RCC4_KIDNEY	ACH-001175
RCCAB_KIDNEY	ACH-002187
RCCER_KIDNEY	ACH-002188
RCCFG2_KIDNEY	ACH-002189
RCCJF_KIDNEY	ACH-002190
RCCJW_KIDNEY	ACH-002191
RCCMF_KIDNEY	ACH-002192
RCHACV_HAEMATOPOIETIC_AND_LYMPHOID_TISSUE	ACH-000922
RCK8_HAEMATOPOIETIC_AND_LYMPHOID_TISSUE	ACH-001638
RCM1_LARGE_INTESTINE	ACH-000565
RDES_BONE	ACH-000041
RD_SOFT_TISSUE	ACH-000169
REC1_HAEMATOPOIETIC_AND_LYMPHOID_TISSUE	ACH-000068
REH_HAEMATOPOIETIC_AND_LYMPHOID_TISSUE	ACH-000960
RERFGC1B_STOMACH	ACH-000144
RERFLCAD1_LUNG	ACH-000791
RERFLCAD2_LUNG	ACH-000774
RERFLCAI_LUNG	ACH-000261
RERFLCFM_LUNG	ACH-002193
RERFLCKJ_LUNG	ACH-000482
RERFLCMS_LUNG	ACH-000062
RERFLCSQ1_LUNG	ACH-000442
RF48_STOMACH	ACH-002301
RH18_SOFT_TISSUE	ACH-000689
RH1_SOFT_TISSUE	ACH-002194
RH30_SOFT_TISSUE	ACH-000833
RH41_SOFT_TISSUE	ACH-000100
RI1_HAEMATOPOIETIC_AND_LYMPHOID_TISSUE	ACH-000398
RKN_SOFT_TISSUE	ACH-000505
RKO_LARGE_INTESTINE	ACH-000943
RL952_ENDOMETRIUM	ACH-000965
RL_HAEMATOPOIETIC_AND_LYMPHOID_TISSUE	ACH-000371
RMGI_OVARY	ACH-000719
RMUGS_OVARY	ACH-000701
RO82W1_THYROID	ACH-001384
ROS50_HAEMATOPOIETIC_AND_LYMPHOID_TISSUE	ACH-001639
RPMI2650_UPPER_AERODIGESTIVE_TRACT	ACH-001385
RPMI6666_HAEMATOPOIETIC_AND_LYMPHOID_TISSUE	ACH-001182
RPMI7951_SKIN	ACH-000348
RPMI8226_HAEMATOPOIETIC_AND_LYMPHOID_TISSUE	ACH-000817
RPMI8402_HAEMATOPOIETIC_AND_LYMPHOID_TISSUE	ACH-000636
RPMI8866_HAEMATOPOIETIC_AND_LYMPHOID_TISSUE	ACH-002302
RS411_HAEMATOPOIETIC_AND_LYMPHOID_TISSUE	ACH-000874
RS5_FIBROBLAST	ACH-000531
RT11284_URINARY_TRACT	ACH-001183
RT112_URINARY_TRACT	ACH-000473
RT4_URINARY_TRACT	ACH-000242
RVH421_SKIN	ACH-000614
RXF393_KIDNEY	ACH-002195
S117_THYROID	ACH-000037
SALE_LUNG	ACH-000064
SAOS2_BONE	ACH-000410
SARC9371_BONE	ACH-002396
SAS_UPPER_AERODIGESTIVE_TRACT	ACH-002029
SAT_UPPER_AERODIGESTIVE_TRACT	ACH-001641
SBC1_LUNG	ACH-002196
SBC3_LUNG	ACH-002197
SBC5_LUNG	ACH-000670
SC1_HAEMATOPOIETIC_AND_LYMPHOID_TISSUE	ACH-002392
SCABER_URINARY_TRACT	ACH-000839
SCC15_UPPER_AERODIGESTIVE_TRACT	ACH-000254
SCC25_UPPER_AERODIGESTIVE_TRACT	ACH-000188
SCC3_HAEMATOPOIETIC_AND_LYMPHOID_TISSUE	ACH-001642
SCC4_UPPER_AERODIGESTIVE_TRACT	ACH-000238
SCC90_UPPER_AERODIGESTIVE_TRACT	ACH-002315
SCC9_UPPER_AERODIGESTIVE_TRACT	ACH-000181
SCH_STOMACH	ACH-002198
SCLC21H_LUNG	ACH-000659
SEM_HAEMATOPOIETIC_AND_LYMPHOID_TISSUE	ACH-000782
SET2_HAEMATOPOIETIC_AND_LYMPHOID_TISSUE	ACH-000195
SF126_CENTRAL_NERVOUS_SYSTEM	ACH-000609
SF172_CENTRAL_NERVOUS_SYSTEM	ACH-000887
SF268_CENTRAL_NERVOUS_SYSTEM	ACH-000655
SF295_CENTRAL_NERVOUS_SYSTEM	ACH-000376
SF539_CENTRAL_NERVOUS_SYSTEM	ACH-000273
SF767_CERVIX	ACH-000490
SF8657_SKIN	ACH-001187
SH10TC_STOMACH	ACH-000764
SH4_SKIN	ACH-000441
SHP77_LUNG	ACH-000790
SHSY5Y_AUTONOMIC_GANGLIA	ACH-001188
SIGM5_HAEMATOPOIETIC_AND_LYMPHOID_TISSUE	ACH-000112
SIHA_CERVIX	ACH-000556
SIMA_AUTONOMIC_GANGLIA	ACH-000099
SISO_CERVIX	ACH-001650
SJRH30_SOFT_TISSUE	ACH-001189
SJSA1_BONE	ACH-000748
SKBR3_BREAST	ACH-000017
SKCO1_LARGE_INTESTINE	ACH-000400
SKES1_BONE	ACH-000087
SKGIIIA_CERVIX	ACH-002020
SKGT2_STOMACH	ACH-001653
SKGT4_OESOPHAGUS	ACH-001654
SKHEP1_LIVER	ACH-000361
SKLMS1_SOFT_TISSUE	ACH-000145
SKLU1_LUNG	ACH-000309
SKM1_HAEMATOPOIETIC_AND_LYMPHOID_TISSUE	ACH-000373
SKMEL1_SKIN	ACH-000465
SKMEL24_SKIN	ACH-000822
SKMEL28_SKIN	ACH-000615
SKMEL2_SKIN	ACH-001190
SKMEL30_SKIN	ACH-000810
SKMEL31_SKIN	ACH-000640
SKMEL3_SKIN	ACH-000423
SKMEL5_SKIN	ACH-000730
SKMES1_LUNG	ACH-000665
SKMG1_CENTRAL_NERVOUS_SYSTEM	ACH-002304
SKMM2_HAEMATOPOIETIC_AND_LYMPHOID_TISSUE	ACH-000363
SKN3_UPPER_AERODIGESTIVE_TRACT	ACH-002305
SKNAS_AUTONOMIC_GANGLIA	ACH-000260
SKNBE2_AUTONOMIC_GANGLIA	ACH-000312
SKNDZ_AUTONOMIC_GANGLIA	ACH-000366
SKNEP1_BONE	ACH-001192
SKNFI_AUTONOMIC_GANGLIA	ACH-000341
SKNMC_BONE	ACH-000039
SKNO1_HAEMATOPOIETIC_AND_LYMPHOID_TISSUE	ACH-001656
SKNSH_AUTONOMIC_GANGLIA	ACH-000149
SKN_ENDOMETRIUM	ACH-001655
SKOV3_OVARY	ACH-000811
SKPNDW_BONE	ACH-001193
SKRC20_KIDNEY	ACH-000385
SKRC31_KIDNEY	ACH-001194
SKUT1_SOFT_TISSUE	ACH-000939
SLR20_KIDNEY	ACH-000127
SLR21_KIDNEY	ACH-000016
SLR23_KIDNEY	ACH-000246
SLR24_KIDNEY	ACH-000272
SLR25_KIDNEY	ACH-000300
SLR26_KIDNEY	ACH-000600
SLVL_HAEMATOPOIETIC_AND_LYMPHOID_TISSUE	ACH-002062
SMSCTR_SOFT_TISSUE	ACH-001196
SN12C_KIDNEY	ACH-002199
SNB19_CENTRAL_NERVOUS_SYSTEM	ACH-001198
SNB75_CENTRAL_NERVOUS_SYSTEM	ACH-000504
SNGM_ENDOMETRIUM	ACH-000974
SNU1033_LARGE_INTESTINE	ACH-000286
SNU1040_LARGE_INTESTINE	ACH-000999
SNU1041_UPPER_AERODIGESTIVE_TRACT	ACH-000618
SNU1066_UPPER_AERODIGESTIVE_TRACT	ACH-000682
SNU1076_UPPER_AERODIGESTIVE_TRACT	ACH-000549
SNU1077_ENDOMETRIUM	ACH-000302
SNU1079_BILIARY_TRACT	ACH-000209
SNU1105_CENTRAL_NERVOUS_SYSTEM	ACH-000368
SNU1196_BILIARY_TRACT	ACH-000461
SNU1197_LARGE_INTESTINE	ACH-000412
SNU119_OVARY	ACH-000635
SNU1214_UPPER_AERODIGESTIVE_TRACT	ACH-000715
SNU1272_KIDNEY	ACH-000513
SNU16_STOMACH	ACH-000581
SNU175_LARGE_INTESTINE	ACH-000989
SNU182_LIVER	ACH-000483
SNU1_STOMACH	ACH-000932
SNU201_CENTRAL_NERVOUS_SYSTEM	ACH-000623
SNU213_PANCREAS	ACH-000266
SNU216_STOMACH	ACH-000466
SNU245_BILIARY_TRACT	ACH-000268
SNU283_LARGE_INTESTINE	ACH-000708
SNU308_BILIARY_TRACT	ACH-000141
SNU324_PANCREAS	ACH-000933
SNU349_KIDNEY	ACH-000907
SNU387_LIVER	ACH-000478
SNU398_LIVER	ACH-000221
SNU407_LARGE_INTESTINE	ACH-000955
SNU410_PANCREAS	ACH-000517
SNU423_LIVER	ACH-000493
SNU449_LIVER	ACH-000420
SNU466_CENTRAL_NERVOUS_SYSTEM	ACH-000289
SNU46_UPPER_AERODIGESTIVE_TRACT	ACH-000500
SNU475_LIVER	ACH-000422
SNU478_BILIARY_TRACT	ACH-000377
SNU489_CENTRAL_NERVOUS_SYSTEM	ACH-000543
SNU503_LARGE_INTESTINE	ACH-000683
SNU520_STOMACH	ACH-000908
SNU5_STOMACH	ACH-000303
SNU601_STOMACH	ACH-000736
SNU61_LARGE_INTESTINE	ACH-000532
SNU620_STOMACH	ACH-000325
SNU626_CENTRAL_NERVOUS_SYSTEM	ACH-000370
SNU668_STOMACH	ACH-000344
SNU685_ENDOMETRIUM	ACH-000407
SNU719_STOMACH	ACH-000898
SNU738_CENTRAL_NERVOUS_SYSTEM	ACH-000807
SNU761_LIVER	ACH-000537
SNU81_LARGE_INTESTINE	ACH-000991
SNU840_OVARY	ACH-000280
SNU869_BILIARY_TRACT	ACH-000182
SNU878_LIVER	ACH-000686
SNU886_LIVER	ACH-000316
SNU899_UPPER_AERODIGESTIVE_TRACT	ACH-000692
SNU8_OVARY	ACH-000460
SNUC1_LARGE_INTESTINE	ACH-000722
SNUC2A_LARGE_INTESTINE	ACH-000967
SNUC2B_LARGE_INTESTINE	ACH-001199
SNUC4_LARGE_INTESTINE	ACH-000959
SNUC5_LARGE_INTESTINE	ACH-000970
SQ1_LUNG	ACH-000553
SR786_HAEMATOPOIETIC_AND_LYMPHOID_TISSUE	ACH-000338
ST486_HAEMATOPOIETIC_AND_LYMPHOID_TISSUE	ACH-000567
STM9101_SOFT_TISSUE	ACH-001200
STS0421_SOFT_TISSUE	ACH-002306
SU8686_PANCREAS	ACH-000114
SUDHL10_HAEMATOPOIETIC_AND_LYMPHOID_TISSUE	ACH-000271
SUDHL16_HAEMATOPOIETIC_AND_LYMPHOID_TISSUE	ACH-002307
SUDHL1_HAEMATOPOIETIC_AND_LYMPHOID_TISSUE	ACH-000664
SUDHL4_HAEMATOPOIETIC_AND_LYMPHOID_TISSUE	ACH-000365
SUDHL5_HAEMATOPOIETIC_AND_LYMPHOID_TISSUE	ACH-000660
SUDHL6_HAEMATOPOIETIC_AND_LYMPHOID_TISSUE	ACH-000611
SUDHL8_HAEMATOPOIETIC_AND_LYMPHOID_TISSUE	ACH-000656
SUIT2_PANCREAS	ACH-000652
SUM52PE_BREAST	ACH-001396
SUMB002_CENTRAL_NERVOUS_SYSTEM	ACH-001201
SUPB15_HAEMATOPOIETIC_AND_LYMPHOID_TISSUE	ACH-000059
SUPB8_HAEMATOPOIETIC_AND_LYMPHOID_TISSUE	ACH-002308
SUPHD1_HAEMATOPOIETIC_AND_LYMPHOID_TISSUE	ACH-001203
SUPM2_HAEMATOPOIETIC_AND_LYMPHOID_TISSUE	ACH-000226
SUPT11_HAEMATOPOIETIC_AND_LYMPHOID_TISSUE	ACH-000122
SUPT1_HAEMATOPOIETIC_AND_LYMPHOID_TISSUE	ACH-000953
SW1088_CENTRAL_NERVOUS_SYSTEM	ACH-000437
SW1116_LARGE_INTESTINE	ACH-000489
SW1271_LUNG	ACH-000890
SW1353_BONE	ACH-000418
SW13_ADRENAL_CORTEX	ACH-001401
SW1417_LARGE_INTESTINE	ACH-000236
SW1463_LARGE_INTESTINE	ACH-000470
SW156_KIDNEY	ACH-001398
SW1573_LUNG	ACH-000677
SW1710_URINARY_TRACT	ACH-000566
SW1783_CENTRAL_NERVOUS_SYSTEM	ACH-000883
SW1990_PANCREAS	ACH-000155
SW403_LARGE_INTESTINE	ACH-000820
SW480_LARGE_INTESTINE	ACH-000842
SW48_LARGE_INTESTINE	ACH-000958
SW579_THYROID	ACH-000163
SW620_LARGE_INTESTINE	ACH-000651
SW626_LARGE_INTESTINE	ACH-001399
SW684_SOFT_TISSUE	ACH-002309
SW756_CERVIX	ACH-001402
SW780_URINARY_TRACT	ACH-000384
SW837_LARGE_INTESTINE	ACH-000421
SW872_SOFT_TISSUE	ACH-002310
SW900_LUNG	ACH-000669
SW948_LARGE_INTESTINE	ACH-000680
SW954_CERVIX	ACH-001400
SW962_VULVA	ACH-002200
SW982_SOFT_TISSUE	ACH-001274
T173_FIBROBLAST	ACH-000529
T24_URINARY_TRACT	ACH-000018
T3M10_LUNG	ACH-000813
T3M4_PANCREAS	ACH-000085
T47D_BREAST	ACH-000147
T778_SOFT_TISSUE	ACH-001795
T84_LARGE_INTESTINE	ACH-000381
T98G_CENTRAL_NERVOUS_SYSTEM	ACH-000571
TALL1_HAEMATOPOIETIC_AND_LYMPHOID_TISSUE	ACH-000197
TASK1_CENTRAL_NERVOUS_SYSTEM	ACH-001670
TC32_BONE	ACH-001205
TC71_BONE	ACH-000424
TCCPAN2_PANCREAS	ACH-000502
TCCSUP_URINARY_TRACT	ACH-000720
TCYIK_CERVIX	ACH-002201
TE10_OESOPHAGUS	ACH-000318
TE11_OESOPHAGUS	ACH-000488
TE125T_FIBROBLAST	ACH-000079
TE12_OESOPHAGUS	ACH-002311
TE14_OESOPHAGUS	ACH-000726
TE159T_FIBROBLAST	ACH-000175
TE15_OESOPHAGUS	ACH-000353
TE1_OESOPHAGUS	ACH-000647
TE441T_SOFT_TISSUE	ACH-000772
TE4_OESOPHAGUS	ACH-000917
TE5_OESOPHAGUS	ACH-000408
TE617T_SOFT_TISSUE	ACH-000051
TE6_OESOPHAGUS	ACH-000605
TE8_OESOPHAGUS	ACH-000452
TE9_OESOPHAGUS	ACH-000694
TEN_ENDOMETRIUM	ACH-000397
TF1_HAEMATOPOIETIC_AND_LYMPHOID_TISSUE	ACH-000387
TGBC11TKB_STOMACH	ACH-000949
TGBC1TKB_BILIARY_TRACT	ACH-001861
TGBC24TKB_BILIARY_TRACT	ACH-002312
TGW_AUTONOMIC_GANGLIA	ACH-001674
THP1_HAEMATOPOIETIC_AND_LYMPHOID_TISSUE	ACH-000146
TIG3TD_FIBROBLAST	ACH-001207
TK10_KIDNEY	ACH-001208
TK_HAEMATOPOIETIC_AND_LYMPHOID_TISSUE	ACH-002313
TM31_CENTRAL_NERVOUS_SYSTEM	ACH-000592
TM87_SOFT_TISSUE	ACH-000172
TMK1_STOMACH	ACH-002202
TO175T_FIBROBLAST	ACH-000125
TOLEDO_HAEMATOPOIETIC_AND_LYMPHOID_TISSUE	ACH-000285
TOV112D_OVARY	ACH-000048
TOV21G_OVARY	ACH-000885
TT2609C02_THYROID	ACH-000716
TTC1240_SOFT_TISSUE	ACH-001210
TTC549_SOFT_TISSUE	ACH-001211
TTC642_SOFT_TISSUE	ACH-001212
TTC709_SOFT_TISSUE	ACH-000597
TT_OESOPHAGUS	ACH-000561
TT_THYROID	ACH-001321
TUHR10TKB_KIDNEY	ACH-000459
TUHR14TKB_KIDNEY	ACH-000317
TUHR4TKB_KIDNEY	ACH-000495
TUR_HAEMATOPOIETIC_AND_LYMPHOID_TISSUE	ACH-002314
TYKNU_OVARY	ACH-000430
U118MG_CENTRAL_NERVOUS_SYSTEM	ACH-000040
U138MG_CENTRAL_NERVOUS_SYSTEM	ACH-001214
U178_CENTRAL_NERVOUS_SYSTEM	ACH-000208
U251MG_CENTRAL_NERVOUS_SYSTEM	ACH-000232
U266B1_HAEMATOPOIETIC_AND_LYMPHOID_TISSUE	ACH-000626
U2OS_BONE	ACH-000364
U343_CENTRAL_NERVOUS_SYSTEM	ACH-000036
U698M_HAEMATOPOIETIC_AND_LYMPHOID_TISSUE	ACH-001680
U87MG_CENTRAL_NERVOUS_SYSTEM	ACH-000075
U937_HAEMATOPOIETIC_AND_LYMPHOID_TISSUE	ACH-000406
UACC257_SKIN	ACH-000579
UACC62_SKIN	ACH-000425
UACC812_BREAST	ACH-000568
UACC893_BREAST	ACH-000554
UBLC1_URINARY_TRACT	ACH-000741
UCH2_BONE	ACH-002204
UDSCC2_UPPER_AERODIGESTIVE_TRACT	ACH-002391
UMC11_LUNG	ACH-001417
UMRC2_KIDNEY	ACH-001224
UMRC6_KIDNEY	ACH-001225
UMUC1_URINARY_TRACT	ACH-000834
UMUC3_URINARY_TRACT	ACH-000522
UO31_KIDNEY	ACH-000428
UOK101_KIDNEY	ACH-000262
UT7_HAEMATOPOIETIC_AND_LYMPHOID_TISSUE	ACH-001230
UWB1289_OVARY	ACH-001418
VAESBJ_SOFT_TISSUE	ACH-001702
VAL_HAEMATOPOIETIC_AND_LYMPHOID_TISSUE	ACH-001703
VCAP_PROSTATE	ACH-000115
VMCUB1_URINARY_TRACT	ACH-000545
VMRCLCD_LUNG	ACH-001233
VMRCLCP_LUNG	ACH-001234
VMRCMELG_SKIN	ACH-001704
VMRCRCW_KIDNEY	ACH-000484
VMRCRCZ_KIDNEY	ACH-000171
WIL2NS_HAEMATOPOIETIC_AND_LYMPHOID_TISSUE	ACH-002316
WM115_SKIN	ACH-000304
WM1552C_SKIN	ACH-002205
WM1799_SKIN	ACH-000661
WM2664_SKIN	ACH-001239
WM278_SKIN	ACH-002206
WM35_SKIN	ACH-002207
WM793_SKIN	ACH-000827
WM88_SKIN	ACH-000899
WM983B_SKIN	ACH-000765
WSUDLCL2_HAEMATOPOIETIC_AND_LYMPHOID_TISSUE	ACH-000534
WSUNHL_HAEMATOPOIETIC_AND_LYMPHOID_TISSUE	ACH-001709
YAPC_PANCREAS	ACH-000332
YD10B_UPPER_AERODIGESTIVE_TRACT	ACH-000723
YD15_SALIVARY_GLAND	ACH-000836
YD38_UPPER_AERODIGESTIVE_TRACT	ACH-000762
YD8_UPPER_AERODIGESTIVE_TRACT	ACH-000630
YH13_CENTRAL_NERVOUS_SYSTEM	ACH-000469
YKG1_CENTRAL_NERVOUS_SYSTEM	ACH-000570
YMB1E_BREAST	ACH-002208
YMB1_BREAST	ACH-001249
YT_HAEMATOPOIETIC_AND_LYMPHOID_TISSUE	ACH-002317
Z138_HAEMATOPOIETIC_AND_LYMPHOID_TISSUE	ACH-002500
ZR751_BREAST	ACH-000097
ZR7530_BREAST	ACH-000828
